specimen,PD_A,PD_B,CS_A,CS_B
152-24__rec_align_merged.mrk.json,0.023574349168931953,0.02392370887095997,201.11399397706143,201.1340692698923
152-25__rec_align_merged.mrk.json,0.02010503057304454,0.020678868981313724,195.46364226993776,195.48028172728016
152-26__rec_align_merged.mrk.json,0.025468612690377274,0.02583108783421862,205.1831365290167,205.20774913536144
152-27__rec_align_merged.mrk.json,0.02640663524320644,0.026633437937905898,212.14850015338752,212.12489644328122
152-28__rec_align_merged.mrk.json,0.02109806856338775,0.02146155077867249,199.47084005105117,199.4637683882821
152-29__rec_align_merged.mrk.json,0.02166565659987348,0.022012424105603817,212.47773475249744,212.48473490962866
152-30__rec_align_merged.mrk.json,0.01847233768249235,0.01879379613527493,207.1968070612487,207.20836622827258
152-31__rec_align_merged.mrk.json,0.021215509013261028,0.021751829914831145,198.9163167591471,198.93376208593642
152-32__rec_align_merged.mrk.json,0.02027307414496059,0.0206028527278349,199.29612636657828,199.31044033327092
152-33__rec_align_merged.mrk.json,0.019099669845047695,0.019453002364073196,194.58843810617194,194.6004126389619
152-34__rec_align_merged.mrk.json,0.01626994736227915,0.016661772863180265,198.77406391476293,198.7829642435815
152-35__rec_align_merged.mrk.json,0.017027865813585105,0.017510714983639136,204.70154167189324,204.7181859100276
152-36__rec_align_merged.mrk.json,0.02060749901228823,0.02105940976061786,192.81837485978647,192.7964167277211
152-37__rec_align_merged.mrk.json,0.017347743670697198,0.017669531737276537,195.34755405889038,195.3449300479428
152-38__rec_align_merged.mrk.json,0.01947998335769555,0.019697913719912145,199.97553113952833,199.96856535597453
152-39__rec_align_merged.mrk.json,0.01625260423208738,0.016655601769612522,198.1051405718455,198.0891135577989
152-40__rec_align_merged.mrk.json,0.01944161611505288,0.019799006962700805,194.52176960788807,194.54199804412394
152-41__rec_align_merged.mrk.json,0.01965165464695617,0.020082575381476144,201.7242107977869,201.7383559422792
152-42__rec_align_merged.mrk.json,0.014897757367796948,0.01551902703911032,197.8276671100813,197.83930622430213
152-43__rec_align_merged.mrk.json,0.015375963864804339,0.01586509270257232,197.8982408879768,197.91722959713294
152-44__rec_align_merged.mrk.json,0.01880775557364908,0.01922605318576754,199.973316547943,199.98118906313732
152-45__rec_align_merged.mrk.json,0.020017253037365585,0.020421379166038825,195.40917990938647,195.45565549658772
152-46__rec_align_merged.mrk.json,0.014309856046562382,0.014941057432693201,198.4990301339943,198.4981455654931
152-47__rec_align_merged.mrk.json,0.02814252625405116,0.02838895203497283,191.14030483716095,191.14483961898955
152-48__rec_align_merged.mrk.json,0.019200700390592126,0.019558885682600377,201.72702648585914,201.72721216197303
152-49__rec_align_merged.mrk.json,0.018852649517218524,0.019410585806515442,197.51647984635875,197.52420027597958
152-50__rec_align_merged.mrk.json,0.016956222332535426,0.017365726555667503,197.68102480733478,197.7006209095773
152-51__rec_align_merged.mrk.json,0.015255428901961725,0.01580415040532418,198.54589290679888,198.54951896226893
152-52__rec_align_merged.mrk.json,0.022570418856222272,0.022997401380260796,190.59930900936587,190.59434708252667
152_10_rec_align_merged.mrk.json,0.017054413820995606,0.01752834722649505,203.59406815391472,203.58288247804805
152_11_rec_align_merged.mrk.json,0.020641728803063822,0.02098502947448211,205.38964808422153,205.37812817433837
152_12_rec_align_merged.mrk.json,0.019932113006477948,0.02022620279769934,198.40749185884337,198.42220030394333
152_13_rec_align_merged.mrk.json,0.020649760144647835,0.020979265568435847,199.63023509966357,199.60042249014307
152_14_rec_align_merged.mrk.json,0.02135274196415701,0.021565205546187818,201.28286128683862,201.30230989947893
152_15_rec_align_merged.mrk.json,0.018164173542987064,0.018546245035185725,198.6700636183547,198.6675572777572
152_16_rec_align_merged.mrk.json,0.01756958048841926,0.01792894574942458,200.94937071359558,200.96268151684163
152_17_rec_align_merged.mrk.json,0.013698530975529406,0.014296940621182369,197.74022662101765,197.74185083434594
152_18_rec_align_merged.mrk.json,0.022303915846969807,0.022609964618141198,202.8314228832624,202.84416227702212
152_19_rec_align_merged.mrk.json,0.02189496318719973,0.022266986234475344,203.6554239644493,203.65537506133703
152_20_rec_align_merged.mrk.json,0.02392475221776718,0.02410985691620131,204.12467596770736,204.14055003901763
152_21_rec_align_merged.mrk.json,0.017656814864625836,0.018059212367576023,202.7522396901373,202.7740775687454
152_22_rec_align_merged.mrk.json,0.016895978491123256,0.01737147005925121,200.7482556204483,200.73218667133233
152_23_rec_align_merged.mrk.json,0.02475225143970861,0.02503138920001355,206.51745955484077,206.52250309558127
152_9_rec_align_merged.mrk.json,0.019540062030897844,0.019923861654580956,201.1919856091829,201.18785817779303
155-1__rec_align_merged.mrk.json,0.017823829083631122,0.018288218683944733,201.03570201575585,201.0551295437371
155-25__rec_align_merged.mrk.json,0.017765310910357768,0.01827139866778313,201.20716098526145,201.19779286981375
155-29__rec_align_merged.mrk.json,0.017564574892937147,0.01781066697799981,198.2922101852073,198.33085184816866
155-30__rec_align_merged.mrk.json,0.017117091619012974,0.01757988800583014,194.30210976793325,194.30970811610084
155-31__rec_align_merged.mrk.json,0.018265046892252702,0.018608758001550704,204.4259346228062,204.42619393134726
155-32__rec_align_merged.mrk.json,0.014790722178480915,0.015278745479531,199.3225445867098,199.34259122827086
155-33__rec_align_merged.mrk.json,0.0177497065241197,0.01820698053748686,201.96581993293455,201.97324074889792
155-34__rec_align_merged.mrk.json,0.017848054513470716,0.018258604338980928,201.83155776090652,201.8417678023932
155-35__rec_align_merged.mrk.json,0.02117451311416756,0.02144497292871264,202.6340919060076,202.62353787612275
155-36__rec_align_merged.mrk.json,0.017998790178577025,0.018405882433056513,203.02757150134286,203.03202429863086
155-37__rec_align_merged.mrk.json,0.01892594116747081,0.019129319694479195,198.08679589529132,198.0759850168258
155-38__rec_align_merged.mrk.json,0.019342862421948385,0.019691299243495476,203.0515927662716,203.0434442626506
155-39__rec_align_merged.mrk.json,0.020437573019439725,0.02089984196912733,201.91416194722086,201.8926036033885
155-40__rec_align_merged.mrk.json,0.018239188664246803,0.018673919382397562,202.21607684808666,202.21269403506244
155-41__rec_align_merged.mrk.json,0.01541343197641174,0.01585365543701275,202.18619952559544,202.19951510898684
155-42__rec_align_merged.mrk.json,0.014626214666317375,0.01519864361818114,203.5214484953207,203.53504150998862
155-43__rec_align_merged.mrk.json,0.01489818361690696,0.015300574140601847,201.89805940428144,201.90413497281355
155_12_rec_align_merged.mrk.json,0.017604370017428792,0.01809782066557596,194.3652138687512,194.3569943697065
155_2__rec_align_merged.mrk.json,0.016982815431699494,0.01746167383589759,207.00995582877812,207.00811474966284
155_3__rec_align_merged.mrk.json,0.017016730595915724,0.017424178009858758,210.23314352362615,210.22979077201313
155_4__rec_align_merged.mrk.json,0.0183085305459522,0.018511774823396332,206.42250741231987,206.43594643633827
155_5__rec_align_merged.mrk.json,0.021931329118705267,0.02226573804793668,211.2749659288879,211.27182199735236
155_6__rec_align_merged.mrk.json,0.01715420505944653,0.01772606422012845,205.68792226633596,205.70240903803477
155_7__rec_align_merged.mrk.json,0.017813595359202714,0.01826315259970565,211.81210339903743,211.79530277205052
155_8__rec_align_merged.mrk.json,0.0166371802570951,0.01715434418241446,209.2188483012414,209.21945336763585
155_9__rec_align_merged.mrk.json,0.0171105066551728,0.01754144456963382,206.1620578845055,206.15459049502502
156-1__rec_align_merged.mrk.json,0.029088283232465314,0.029569323558266403,190.79636815899812,190.8056423290706
156-20__rec_align_merged.mrk.json,0.016524481486545423,0.016950724894959295,194.90351270332468,194.89854539595254
156-21__rec_align_merged.mrk.json,0.012014684964418345,0.012706145338240538,197.64093236229232,197.64734222802943
156-22__rec_align_merged.mrk.json,0.019851197403375914,0.02016463839446179,205.5503583946261,205.54307823724562
156-23__rec_align_merged.mrk.json,0.02136084597504021,0.021645060577993883,196.45754410552465,196.4745898247324
156-24__rec_align_merged.mrk.json,0.021778797134417598,0.022036141083391712,198.34274583699138,198.3270787576092
156-25__rec_align_merged.mrk.json,0.01822910366869485,0.0186255519861669,193.55687322954324,193.57220844239956
156-26__rec_align_merged.mrk.json,0.017709853765855574,0.018047603532157508,203.18730433274746,203.21786265549022
156-27__rec_align_merged.mrk.json,0.017478344809640337,0.017847422242116565,202.43711966106022,202.4439361927195
156-2__rec_align_merged.mrk.json,0.01571007134141543,0.016182206429775876,197.99516922555006,198.00018665867262
156-3__rec_align_merged.mrk.json,0.017353073894718136,0.017827283206449062,192.37485252535615,192.37472767700464
156-4__rec_align_merged.mrk.json,0.020173215958354553,0.020575154522702182,199.59570823084732,199.63261790252534
156-5__rec_align_merged.mrk.json,0.01635790443229026,0.016804453383377924,198.7290841724488,198.7265475921723
156-6__rec_align_merged.mrk.json,0.016417098705682157,0.01695888442994357,196.42211404432575,196.4213893621179
156-7__rec_align_merged.mrk.json,0.015697172675901126,0.01618308992378486,194.29835596053638,194.31022985924523
156-8__rec_align_merged.mrk.json,0.018321028499189634,0.018746087381255896,193.7083660715956,193.7098708304133
156-9__rec_align_merged.mrk.json,0.020477919003058193,0.020922026708038655,195.74771816989247,195.76937980309447
156_10__rec_align_merged.mrk.json,0.014343996906689482,0.014896141187685655,197.95753968363712,197.9852139260837
156_11__rec_align_merged.mrk.json,0.01821998984917463,0.01872615792264328,201.62675062361217,201.62688249435965
156_12__rec_align_merged.mrk.json,0.018490028130116028,0.018719136037564213,201.91986710140262,201.9187773751319
156_13__rec_align_merged.mrk.json,0.02064677443329238,0.021018482910736797,204.84182715710077,204.84088598337738
156_14__rec_align_merged.mrk.json,0.015369500234507442,0.015840868204560866,196.85192108936548,196.85364290748768
156_15__rec_align_merged.mrk.json,0.02069998041421529,0.021029184710947987,194.11883442252176,194.1335821245586
156_16__rec_align_merged.mrk.json,0.01864248218211577,0.019213605949830948,204.6493397629075,204.64426242011154
156_17__rec_align_merged.mrk.json,0.01887415487609223,0.019336141175937537,198.080880166759,198.09197304351753
156_18__rec_align_merged.mrk.json,0.021271569417990948,0.021653647551835777,199.5990873966925,199.64927108779688
156_19__rec_align_merged.mrk.json,0.019822874260502908,0.020224545563751556,202.9900901164927,202.9616140163001
157-15__rec_align_merged.mrk.json,0.014684048084783803,0.015151444018016238,200.84476339062067,200.84082065956667
157-16__rec_align_merged.mrk.json,0.019412849830937263,0.019807681131038698,201.48506074038482,201.49097220514378
157-29__rec_align_merged.mrk.json,0.02323256069921442,0.023584598464351736,193.30892414434686,193.29869049411926
157-30__rec_align_merged.mrk.json,0.02097322916409441,0.021332727373409792,201.89125087610256,201.90546919020989
157-31__rec_align_merged.mrk.json,0.01882968908648568,0.01928449521458424,195.0724089251454,195.07440289770236
157-32__rec_align_merged.mrk.json,0.01915063170890843,0.019611392608793604,201.88415165227468,201.91005651484326
157-33__rec_align_merged.mrk.json,0.02015613328464993,0.020564235616193447,193.89226341886652,193.90327591773203
157-34__rec_align_merged.mrk.json,0.015181582238730921,0.0157383188085247,201.3930750478308,201.41339106299515
157-35__rec_align_merged.mrk.json,0.042154629851342586,0.042328423698919135,189.49822361510556,189.48622289319678
157-36__rec_align_merged.mrk.json,0.016948033203448478,0.017389211619033063,199.41124913144162,199.4104861875491
157-37__rec_align_merged.mrk.json,0.02054271465219506,0.020966611964188663,200.76744344630833,200.7698863458159
157-38__rec_align_merged.mrk.json,0.02055446852390291,0.020919257749390047,196.1342733022989,196.1320612344081
157_13_rec_align_merged.mrk.json,0.014141889021221606,0.014515826004898381,200.14103226091208,200.1330094921744
157_14_rec_align_merged.mrk.json,0.0179654387973178,0.018442155488888213,200.90621719057233,200.93852347434444
157_17__rec_align_merged.mrk.json,0.01754062436307747,0.017961851292313768,206.3498873988626,206.3487226387624
157_18_rec_align_merged.mrk.json,0.017169054367525034,0.017499025498236665,203.96031257323475,203.97464112816408
157_19__rec_align_merged.mrk.json,0.01557694146418782,0.01617389783774841,196.79312586886505,196.8151102812263
157_20_rec_align_merged.mrk.json,0.01713215628956358,0.017525049421028175,203.98909159299617,203.99715859264705
157_21__rec_align_merged.mrk.json,0.019947047459627335,0.020285045437471123,203.4721099037711,203.48313319231278
157_22__rec_align_merged.mrk.json,0.016723871041380556,0.01724920338941143,199.3106926091948,199.35968337369573
157_23__rec_align_merged.mrk.json,0.017917957255186228,0.018316189432657143,201.8805491418417,201.86273967787218
157_24_rec_align_merged.mrk.json,0.022082550884811078,0.022410249217467527,205.47828160929964,205.4788754229032
157_25_rec_align_merged.mrk.json,0.020920680565244775,0.021274892261140734,206.4737972871345,206.50040196660856
157_26_rec_align_merged.mrk.json,0.018724880505964932,0.019233010426932876,203.45216755403726,203.4597973695179
157_27_rec_align_merged.mrk.json,0.01795360109780577,0.018289479433343973,205.55904106139354,205.55780466689043
157_28_rec_align_merged.mrk.json,0.018726593659739946,0.019113518833021717,206.76617405310648,206.77452469579566
157_5_rec_align_merged.mrk.json,0.021140322479771392,0.02135034653949617,198.1486303050564,198.15561300685246
157_6_rec_align_merged.mrk.json,0.01506204705322573,0.015586264290063793,200.45766428764324,200.46072802521107
157_7_rec_align_merged.mrk.json,0.01883512216234386,0.019362274280362062,200.54694729190877,200.54247704511482
158-23__rec_align_merged.mrk.json,0.01764945970166924,0.018058176148511747,197.70032320826223,197.7082880331811
158-25__rec_align_merged.mrk.json,0.015800867124474854,0.01639515653976822,193.9775986502683,193.98492599490396
158-30__rec_align_merged.mrk.json,0.015149223231576763,0.015668514941725664,198.99644040804,198.99360469223777
158-31__rec_align_merged.mrk.json,0.023752397703255428,0.024113758265627373,204.11036349086214,204.12610453747382
158-32__rec_align_merged.mrk.json,0.018104467512405114,0.01841688024723968,195.30950745639373,195.3327610132508
158-33__rec_align_merged.mrk.json,0.01574596287890116,0.016267582221252675,199.8841639202232,199.88109331491165
158-34__rec_align_merged.mrk.json,0.016721305533469448,0.017129747445931886,201.9705394293786,201.97890782004953
158-35__rec_align_merged.mrk.json,0.016224242247234823,0.016735302042017442,197.5756744892009,197.56646282586138
158-36__rec_align_merged.mrk.json,0.017875973739895416,0.018298182180129144,196.62052072748227,196.64462719086174
158-37__rec_align_merged.mrk.json,0.02047909138621458,0.020810747891920105,204.73625830975487,204.75821000279177
158-38__rec_align_merged.mrk.json,0.017615346005883725,0.018125417508287528,196.08401485279805,196.09482481869622
158-39__rec_align_merged.mrk.json,0.01990864518390313,0.020381297976804977,202.93713178297264,202.9455963257912
158-40__rec_align_merged.mrk.json,0.016683750285886402,0.0171115413132906,199.4116147159572,199.40567174781648
158-41__rec_align_merged.mrk.json,0.02332626443931404,0.023685788373351276,197.1725218735868,197.15559727318293
158-42__rec_align_merged.mrk.json,0.016144777331389113,0.016581712539600647,199.08902241207568,199.12710509911585
158-43__rec_align_merged.mrk.json,0.019860435611636626,0.020221793075717778,198.57562506805849,198.57106550301037
158-44__rec_align_merged.mrk.json,0.01506068707594954,0.015501601343363364,193.30109796848672,193.32830845467748
158-45__rec_align_merged.mrk.json,0.017575650876951072,0.01798410125005437,197.91506350132178,197.9253993131729
158-46__rec_align_merged.mrk.json,0.015182048896631009,0.015615866941823469,200.1777252767206,200.1770104454154
158-47__rec_align_merged.mrk.json,0.018835385465918567,0.019256806791582443,197.75266468716873,197.7380534143492
158-48__rec_align_merged.mrk.json,0.021893714945623716,0.022102650194718517,192.877392554174,192.88409795560477
158-50__rec_align_merged.mrk.json,0.01749398868222233,0.017933056867790738,199.7038230955237,199.71425113882339
158-8__rec_align_merged.mrk.json,0.019664859123892545,0.019967711642957277,200.5968020473492,200.5918086348708
158-9__rec_align_merged.mrk.json,0.018019178740984767,0.018493144173194535,197.2954486616087,197.30740448938147
158_10_rec_align_merged.mrk.json,0.015369805207573882,0.016008144030921528,192.22628553373,192.20813203411532
158_11__rec_align_merged.mrk.json,0.01572783392837743,0.016356012817898797,196.31480807774875,196.2961604479396
158_12__rec_align_merged.mrk.json,0.018689924213191194,0.019111840200918086,196.7758897265324,196.76844667666612
158_13__rec_align_merged.mrk.json,0.013671881967972642,0.01431390262755392,199.24910638479756,199.2582839009267
158_14__rec_align_merged.mrk.json,0.018714883955084128,0.01897140218241402,201.76043224649,201.75216982576495
158_15__rec_align_merged.mrk.json,0.015952346337991995,0.016283816388790517,195.43267819783344,195.43663643505982
158_16__rec_align_merged.mrk.json,0.014493362191581325,0.015131550191331366,202.90927989588917,202.91047991249744
158_17__rec_align_merged.mrk.json,0.018140196383710568,0.018457246690826584,202.6807730498305,202.68438802681493
158_18__rec_align_merged.mrk.json,0.017916816181592972,0.018422961335793228,196.3652438048025,196.39002387497678
158_19__rec_align_merged.mrk.json,0.021131810563611107,0.021439079020379087,201.10685172002835,201.09693712655846
158_1_rec_align_merged.mrk.json,0.02533164328492444,0.02563928734670965,189.91299484154882,189.90652316212112
158_20__rec_align_merged.mrk.json,0.01405697101567943,0.014684994825135978,195.28218114334973,195.31389639125683
158_2_rec_align_merged.mrk.json,0.020356385797284486,0.02084962727230736,191.36019869958352,191.3644996442468
158_3_rec_align_merged.mrk.json,0.031228103445152054,0.03138134065572666,187.29346899723473,187.30646899867583
158_49_rec_align_merged.mrk.json,0.0174311341099241,0.01776047212346047,204.06951594477755,204.05997271745974
158_4_rec_align_merged.mrk.json,0.027802758645411152,0.028101581097969175,185.60956898054113,185.61441213541372
158_51_rec_align_merged.mrk.json,0.01877632435185794,0.019210765274894227,193.79031534950002,193.80969899618614
158_52_rec_align_merged.mrk.json,0.01958522559675222,0.019919437535835593,200.04596591493626,200.0688475413543
158_53_rec_align_merged.mrk.json,0.01833006099368434,0.018803297421646836,201.6993678176089,201.72663177016517
158_54_rec_align_merged.mrk.json,0.01849591588938845,0.018941899117868345,197.55333993424142,197.5564443334995
158_55_rec_align_merged.mrk.json,0.0196951337086211,0.020076430594509344,202.04171443733043,202.06575671022247
158_56_rec_align_merged.mrk.json,0.025391128614989156,0.025706393260361376,192.98178316794537,192.9844455005826
158_57_rec_align_merged.mrk.json,0.02369225004980559,0.023865608851709665,194.53711313799622,194.56049370762446
158_58_rec_align_merged.mrk.json,0.02166581112188459,0.022056158136811332,194.4343116125747,194.43292512930051
158_5__rec_align_merged.mrk.json,0.02178050001601192,0.022149465600338192,192.82383368204415,192.7992433108055
158_6__rec_align_merged.mrk.json,0.019109114014988136,0.01948866263403098,192.4226270005312,192.44195625998705
158_7__rec_align_merged.mrk.json,0.018133698302312276,0.018669024777291914,195.44842617068707,195.43558436536014
159-20__rec_align_merged.mrk.json,0.01700695238343873,0.017493198068103503,197.6037539922144,197.63288807523224
159-21__rec_align_merged.mrk.json,0.020120744381329894,0.02057162454919388,197.6911377656467,197.68879404212493
159-22__rec_align_merged.mrk.json,0.020070268345104503,0.020421215931195356,200.10257027266454,200.1368384031932
159-23__rec_align_merged.mrk.json,0.021241356757509166,0.02163682109351406,199.30470353824538,199.30261805455225
159-24__rec_align_merged.mrk.json,0.016728838872115747,0.017097133307852633,193.15961277378048,193.1483021553433
159-25__rec_align_merged.mrk.json,0.021561299842669794,0.021885134690793534,196.65438452129345,196.67820601290813
159-26__rec_align_merged.mrk.json,0.019312056280588095,0.01966552126991445,196.3850325331869,196.37466077611828
159-27__rec_align_merged.mrk.json,0.018498448811518662,0.018944800330823103,193.76227268747996,193.77693251173804
159-28__rec_align_merged.mrk.json,0.019991455573292686,0.020416644381521656,194.52506051438507,194.53291711350295
159-29__rec_align_merged.mrk.json,0.018947935511864127,0.01931470423363772,198.64800250767672,198.62479935794295
159-30__rec_align_merged.mrk.json,0.018007049405232768,0.01849498546063108,195.68561375831243,195.69206927969122
159-31__rec_align_merged.mrk.json,0.017460920244140265,0.01784209892060308,204.96320111235917,204.98714250775348
159-32__rec_align_merged.mrk.json,0.019520787845304425,0.019812666207814033,204.19341465784743,204.1866661665243
159-33__rec_align_merged.mrk.json,0.01828286714384945,0.01879890394093638,197.5390740329256,197.53676969464834
159-34__rec_align_merged.mrk.json,0.015623038369992065,0.016150334519612543,197.73230915585225,197.7511704096942
159-35__rec_align_merged.mrk.json,0.02376901793725666,0.024055535946264372,190.33636777251414,190.35360534207447
159-36__rec_align_merged.mrk.json,0.016885133453875375,0.017282775890842452,198.65775409870483,198.63990302613152
159-37__rec_align_merged.mrk.json,0.020305055164196117,0.02074910475729994,194.67502975742718,194.6819027967202
159-38__rec_align_merged.mrk.json,0.017534698828413086,0.018000228955843776,195.48215303940543,195.48440144864665
159-5__rec_align_merged.mrk.json,0.01512867795555838,0.015755604846252512,196.24099852885823,196.2555416127245
159-6__rec_align_merged.mrk.json,0.01996382447522854,0.02027388037566371,204.38393807631337,204.3828636157251
159_10__rec_align_merged.mrk.json,0.02214098040780774,0.022448038416434647,189.5354755942014,189.53090445186942
159_11__rec_align_merged.mrk.json,0.017796801550140767,0.018180075995374897,197.93073936695586,197.9481308716261
159_12__rec_align_merged.mrk.json,0.026952191265678202,0.027309229999914225,191.814447179925,191.8048313548747
159_13__rec_align_merged.mrk.json,0.017184199316537696,0.01761014818139092,201.88790278150157,201.86723408051293
159_14__rec_align_merged.mrk.json,0.018045214317245102,0.018424029449981075,199.27620753366543,199.28198657155488
159_15__rec_align_merged.mrk.json,0.02345474718072739,0.023696390614531982,194.88826481596283,194.89230287435618
159_16__rec_align_merged.mrk.json,0.024945101929913678,0.025167715388251223,200.9372412200535,200.95061252728246
159_17__rec_align_merged.mrk.json,0.016836404193419596,0.017325466833038282,201.45588285193747,201.48989108058407
159_18__rec_align_merged.mrk.json,0.01613483517570622,0.016649641797981087,200.91002902133815,200.91007349319548
159_19__rec_align_merged.mrk.json,0.014614541268486993,0.015157718119288099,203.59325519799012,203.56898413890264
159_1_rec_align_merged.mrk.json,0.021244787796514734,0.02145467475832615,199.01760745594532,199.0226953993172
159_2_rec_align_merged.mrk.json,0.016122922104851948,0.016617325562443604,197.6562503062182,197.6937373036641
159_3_rec_align_merged.mrk.json,0.018442321343751195,0.018949981268447106,198.42363147758303,198.41250804328266
159_4_rec_align_merged.mrk.json,0.020950360105764818,0.02123347271915546,202.62339006779823,202.61741149856184
159_7__rec_align_merged.mrk.json,0.022139347615147614,0.02248479922155316,202.5842770151354,202.56646303081743
159_8__rec_align_merged.mrk.json,0.021810254389068404,0.022128118368583336,195.5240078634514,195.5276410623205
159_9__rec_align_merged.mrk.json,0.017295240180977767,0.017752500723468616,196.16991505592907,196.20778981262208
160-17__rec_align_merged.mrk.json,0.021753415661653702,0.02211329234380491,195.34488022198224,195.34908162632004
160-34__rec_align_merged.mrk.json,0.015693574973341434,0.016131383696256434,198.70176451426605,198.6931069281596
160-35__rec_align_merged.mrk.json,0.019308341588593347,0.019595372985025904,197.73258942466705,197.7649480824979
160-36__rec_align_merged.mrk.json,0.015320405166292173,0.01581852656674586,197.11247796381548,197.10278224772003
160-37__rec_align_merged.mrk.json,0.024054484344625513,0.024354069125191943,190.2926603471117,190.31594970273446
160-38__rec_align_merged.mrk.json,0.02193835064545418,0.022298554951742565,200.4171527859099,200.4107209670709
160-40__rec_align_merged.mrk.json,0.02088175169370725,0.02122607266341281,195.8695648899544,195.89318911347672
160-41__rec_align_merged.mrk.json,0.0185816782936975,0.01906723501047452,194.809712206142,194.8107413931464
160-42__rec_align_merged.mrk.json,0.02091784145471037,0.021201972242580372,202.026082516334,202.03875853686642
160-43__rec_align_merged.mrk.json,0.022164697694255914,0.022486619501787396,193.5153468672422,193.52892292541034
160-44__rec_align_merged.mrk.json,0.01904074144560924,0.01948996825270685,196.58408984093717,196.6073976560149
160-45__rec_align_merged.mrk.json,0.017609305738399788,0.01814200273409891,197.632537481415,197.64477312186153
160-46__rec_align_merged.mrk.json,0.016912810703847245,0.017325936087977008,198.2331415917427,198.25456240910992
160-47__rec_align_merged.mrk.json,0.01541011264941449,0.01593948434317133,200.20263411781798,200.203349607325
160-48__rec_align_merged.mrk.json,0.017961927069552117,0.01840931684556385,197.13095278363903,197.17008439974344
160-49__rec_align_merged.mrk.json,0.017298714859895137,0.017795645356242815,198.19075790965866,198.19670021125035
160-50__rec_align_merged.mrk.json,0.01744339294318368,0.01810513427246056,193.6548167785625,193.67200315763418
160-51__rec_align_merged.mrk.json,0.014761580458216532,0.015283203008640263,193.52231500591844,193.47472333854824
160-52__rec_align_merged.mrk.json,0.019079550169996583,0.019485815356125903,196.52035014505046,196.53938134663656
160-53__rec_align_merged.mrk.json,0.016165938544415694,0.01660590468905908,193.48715748947865,193.50036824337354
160_10__rec_align_merged.mrk.json,0.01579848481803783,0.01620437229317185,198.16748289664415,198.14598273283022
160_11__rec_align_merged.mrk.json,0.017823903071597588,0.018135428269574927,204.1474123155158,204.1552921591426
160_12__rec_align_merged.mrk.json,0.02091680699346465,0.021175027470047122,206.26256315889526,206.22349580620497
160_13_rec_align_merged.mrk.json,0.017459012534843745,0.017961225695302396,204.4706920937702,204.48269715532672
160_14_rec_align_merged.mrk.json,0.021204119721489858,0.02149270860587534,204.95670050770636,204.95805571664178
160_15_rec_align_merged.mrk.json,0.014622583339046969,0.015177319238425524,201.81432471134337,201.83227887989096
160_16__rec_align_merged.mrk.json,0.017778420613013497,0.01825071439716947,196.9424074506027,196.95046843230082
160_18_rec_align_merged.mrk.json,0.021515622041612295,0.021875160483158542,189.80656279453677,189.79380949957763
160_19__rec_align_merged.mrk.json,0.020333503044037457,0.020744633783907535,193.28126524488874,193.2671989288678
160_21_rec_align_merged.mrk.json,0.016378126901238105,0.01672585925218303,197.9597429597751,197.9528625387144
160_22_rec_align_merged.mrk.json,0.015012114554322473,0.015562565246360746,204.75602509839896,204.76082722392854
160_26__rec_align_merged.mrk.json,0.017069215874584227,0.017298636211165428,201.1161833280963,201.13621379955856
160_28__rec_align_merged.mrk.json,0.014849456490311698,0.015274503145782724,201.738768732307,201.76067860622823
160_29_rec_align_merged.mrk.json,0.021414284017522846,0.0217510897320518,194.1675446073002,194.17440340010884
160_30_rec_align_merged.mrk.json,0.018478292341231127,0.01882615876561564,201.2271609450397,201.2252078102502
160_31__rec_align_merged.mrk.json,0.014655691010884094,0.015132557274768811,197.31570905121595,197.33135279585176
160_32_rec_align_merged.mrk.json,0.017093631106824936,0.0175056879850344,201.10908278066984,201.1246667398922
160_33_rec_align_merged.mrk.json,0.015090258263008817,0.015565673978726026,201.82605018903175,201.82567470678111
160_9_rec_align_merged.mrk.json,0.017639888724723978,0.018056656992701852,200.09445570052785,200.10280351126758
801-24__rec_align_merged.mrk.json,0.020073911429714153,0.02058371517987193,195.92830434911846,195.93690949653706
801-25__rec_align_merged.mrk.json,0.017594298479978638,0.018096057121844044,193.48694182981924,193.52492064904195
801-26__rec_align_merged.mrk.json,0.02198218249378173,0.02246493347438309,194.26197180419513,194.25226349530408
801-27__rec_align_merged.mrk.json,0.027513769641330156,0.027734062556201634,192.9808954019917,192.96120240832636
801-28__rec_align_merged.mrk.json,0.023219019255704385,0.023680170104993924,197.04838553290708,197.08107799887566
801-29__rec_align_merged.mrk.json,0.025364263919288223,0.025656499017138606,197.3829977445712,197.39283297134233
801-30__rec_align_merged.mrk.json,0.022610816204674488,0.0229351854005199,201.50173684557066,201.50950667061804
801_1__rec_align_merged.mrk.json,0.021123034690052892,0.021547328935889867,192.23063696855394,192.24885838617158
801_2__rec_align_merged.mrk.json,0.01804596586975641,0.0185464177834622,193.1397100698103,193.1387660419424
801_4__rec_align_merged.mrk.json,0.019756229733161476,0.020346396682026806,193.4929958490343,193.46143524855972
801_5__rec_align_merged.mrk.json,0.01881852867602135,0.01938158142411967,192.76068563316065,192.75957510890913
801_6__rec_align_merged.mrk.json,0.01907882009561854,0.019640913917747777,193.33016624260674,193.32995604730564
801_7__rec_align_merged.mrk.json,0.020968384146552634,0.021393094492054537,190.8916264697807,190.8842835600297
802-15__rec_align_merged.mrk.json,0.022743130614074816,0.023122153039940755,198.6991818892818,198.68357716066942
802-16__rec_align_merged.mrk.json,0.017719571758233178,0.018136594359148717,193.38764212398524,193.3954031926753
802-17__rec_align_merged.mrk.json,0.017646601514725274,0.018133097818582352,191.837080086615,191.82722119947258
802-18__rec_align_merged.mrk.json,0.017212323814860687,0.017602955671221807,194.7435972114947,194.7675080680361
802-19__rec_align_merged.mrk.json,0.020962666351246106,0.021373584485485708,196.26481186695855,196.2523714687278
802-1__rec_align_merged.mrk.json,0.042182201003722025,0.04239979575008368,184.06077095621225,184.0639847469611
802-20__rec_align_merged.mrk.json,0.018171171639717935,0.018713307869609647,198.37638243645767,198.4010806515557
802-21__rec_align_merged.mrk.json,0.01517928883482525,0.015702003038634425,198.41827314364863,198.4302822608702
802-22__rec_align_merged.mrk.json,0.021902409933294415,0.022193938696947812,191.06896725467388,191.10365359210277
802-23__rec_align_merged.mrk.json,0.014172389730459232,0.014697441526822312,197.78356834262857,197.78439200463325
802-24__rec_align_merged.mrk.json,0.016508267698204016,0.0168826327113782,198.10505600092344,198.11934586265647
802-25__rec_align_merged.mrk.json,0.019192213575859648,0.01959146657981815,197.35664168412853,197.38673228919689
802-26__rec_align_merged.mrk.json,0.021818023136545125,0.022079835285405653,199.45560031792286,199.4392128292641
802-27__rec_align_merged.mrk.json,0.015984973481979546,0.016373196694680084,202.31150467659492,202.3142488357857
802-28__rec_align_merged.mrk.json,0.01669952076359116,0.017151429449842954,197.17067700533207,197.19614768870127
802-29__rec_align_merged.mrk.json,0.014760927160317803,0.015421960043551513,199.74734247517273,199.7399826059827
802-2__rec_align_merged.mrk.json,0.014013632635733811,0.014593240243969349,204.64901515664104,204.6855860195063
802-30__rec_align_merged.mrk.json,0.01980120683445843,0.02024325337326485,197.5232297582189,197.51642567567438
802-31__rec_align_merged.mrk.json,0.021726330099172277,0.022125056685508737,194.02444897995872,194.0573805198629
802-32__rec_align_merged.mrk.json,0.018512640972016232,0.018945444538649766,200.78485096029664,200.77357403302037
802-33__rec_align_merged.mrk.json,0.01799431202270295,0.018354012003521884,194.14469240908872,194.1391323780964
802-34__rec_align_merged.mrk.json,0.015447874004647697,0.015921889141492167,199.89558685382008,199.9031913225928
802-35__rec_align_merged.mrk.json,0.019614009865202776,0.02000137097075209,200.11770843947136,200.11277337663657
802-36__rec_align_merged.mrk.json,0.02206192874425586,0.02243919708923965,196.23002564656917,196.2245106565487
802-37__rec_align_merged.mrk.json,0.01968224055882954,0.02008838942071393,196.72126230285605,196.77027422800353
802-38__rec_align_merged.mrk.json,0.018366677935024035,0.018807125740806438,194.0368739397778,194.04557649580008
802-39__rec_align_merged.mrk.json,0.020479013847968415,0.02070110920525015,198.85175518831483,198.83414468227232
802-3__rec_align_merged.mrk.json,0.01664766934735627,0.01712112430579715,204.60634107772816,204.61411493718197
802-41__rec_align_merged.mrk.json,0.017569524673744723,0.01787559050190546,201.97895442639955,201.96444087043787
802-4__rec_align_merged.mrk.json,0.01743378757994423,0.0178976779811792,204.37277255174908,204.3926269236185
802-5__rec_align_merged.mrk.json,0.020838224125744,0.021153542104148805,201.89406262048692,201.8943998721077
802-6__rec_align_merged.mrk.json,0.018693681095959636,0.019111060909089064,203.192589013337,203.19563782276404
802-7__rec_align_merged.mrk.json,0.015301733945426698,0.01565742209416443,201.83622210599893,201.84041417738248
802-8__rec_align_merged.mrk.json,0.016866373630317646,0.01739197333308303,203.94775161481297,203.9491499831353
802_10_rec_align_merged.mrk.json,0.021119146067123024,0.021457465770535467,192.10234572850612,192.1151773001463
802_11_rec_align_merged.mrk.json,0.01474140716746487,0.015141498761898887,201.17641576286155,201.18052223038043
802_12_rec_align_merged.mrk.json,0.015479500270106094,0.016030381308800957,202.06330639208753,202.0836288552254
802_13_rec_align_merged.mrk.json,0.01579947479884064,0.016341329854492267,191.8893759827705,191.8750949173813
802_14_rec_align_merged.mrk.json,0.016719599492796704,0.017030687479052682,200.5422281241029,200.54806603187785
802_9_rec_align_merged.mrk.json,0.022763499489096187,0.023188648568057735,204.79677549031146,204.82167656296028
803-10__rec_align_merged.mrk.json,0.015800639597365187,0.016338409350964797,200.75109793629213,200.751472935878
803-11__rec_align_merged.mrk.json,0.015938148175987394,0.016436695807438104,201.86772058735255,201.89901721443482
803-12__rec_align_merged.mrk.json,0.029360350010028242,0.029529013718930366,185.88339660849144,185.86561138474866
803-13__rec_align_merged.mrk.json,0.01924521825346853,0.01953976737775319,199.03913989686131,199.0632400028848
803-14__rec_align_merged.mrk.json,0.02161643430756593,0.021967742966071235,194.86621489373033,194.8682008086328
803-15__rec_align_merged.mrk.json,0.01841680521394746,0.018849612188391558,197.54205314340004,197.5325001986418
803-16__rec_align_merged.mrk.json,0.021280582361479002,0.021639557718534007,199.35974735631982,199.33250498471568
803-17__rec_align_merged.mrk.json,0.019600950904632677,0.02009429074986025,191.8121881820135,191.8318155596205
803-18__rec_align_merged.mrk.json,0.01584026917781369,0.01623221896247895,196.68681839236737,196.7215961075258
803-19__rec_align_merged.mrk.json,0.018065072919174145,0.018469671134057914,200.04192365549872,200.0392446985412
803-6__rec_align_merged.mrk.json,0.019041482131066857,0.01950451999125607,200.42332216481162,200.41615057990953
803-7__rec_align_merged.mrk.json,0.02198877371668882,0.022353852482696206,192.0411337198877,192.02813230449945
803-8__rec_align_merged.mrk.json,0.01532645618195733,0.015805672824712836,199.72231764973122,199.73291597688694
803-9__rec_align_merged.mrk.json,0.021289940169179875,0.02167053694105415,197.40492576895429,197.41065979695145
803_2_rec_align_merged.mrk.json,0.02009070428950011,0.020569067068842917,199.90015276099757,199.92422856149122
803_3_rec_align_merged.mrk.json,0.019704072278336877,0.01996660853082111,203.3945488402663,203.40967922735982
803_4_rec_align_merged.mrk.json,0.01857183824988927,0.0189292456517728,199.51972927070562,199.54160404253975
803_5_rec_align_merged.mrk.json,0.016866226708836453,0.017210799637019582,201.47526820190268,201.49785018197602
804-2__rec_align_merged.mrk.json,0.01910648256765794,0.01956401830219525,209.61736122951328,209.61515681401008
804_1_rec_align_merged.mrk.json,0.019836075808226442,0.02015444859104521,191.7688580252738,191.772422528659
805-2__rec_align_merged.mrk.json,0.02311444826035565,0.02348557880042926,192.5595336338934,192.57306010908658
805-3__rec_align_merged.mrk.json,0.017807576386106732,0.018124463161636274,198.39311436321586,198.41736460862518
805-4__rec_align_merged.mrk.json,0.03980192569258993,0.03996987978496774,203.35714286540187,203.3834562774901
805-5__rec_align_merged.mrk.json,0.03280778657328072,0.03305053947610672,187.21621578740655,187.20975455648374
805_11_rec_align_merged.mrk.json,0.0178834776092537,0.01840127610261018,196.63875761012332,196.67088333969554
805_1_rec_align_merged.mrk.json,0.02196796122771946,0.022353765332359145,192.82607334853842,192.8360173916243
805_6_rec_align_merged.mrk.json,0.02139196701873425,0.021848159167191284,196.3046885044443,196.31054856533837
805_7_rec_align_merged.mrk.json,0.017292071650737,0.017713878150834406,200.106300802028,200.1241498633332
805_8_rec_align_merged.mrk.json,0.015722195309022916,0.01620334407366439,195.57037793360024,195.57790290982413
806-19__rec_align_merged.mrk.json,0.014692988230001675,0.015198952814526906,198.76954026913336,198.78345868633016
806-1__rec_align_merged.mrk.json,0.01802695040334965,0.018427666179334612,201.6372086775189,201.64568019201192
806-20__rec_align_merged.mrk.json,0.015580129870710443,0.01595544199321346,198.28269592160248,198.28106054933832
806-21__rec_align_merged.mrk.json,0.017401977507480737,0.017837810011709494,203.28874828237002,203.2654529234684
806-22__rec_align_merged.mrk.json,0.01858999881713123,0.0190528794508619,205.45778829270623,205.4660104897604
806-23__rec_align_merged.mrk.json,0.018046738049100355,0.01838975620094738,195.3921568112419,195.39177656045575
806-24__rec_align_merged.mrk.json,0.01825876979839155,0.01869062619149788,202.61650188234375,202.6340343068342
806-25__rec_align_merged.mrk.json,0.016998357360692454,0.01743368164916782,196.9791351625092,196.9529789107462
806-26__rec_align_merged.mrk.json,0.0222321128176971,0.02263666571326607,198.18386228669561,198.1715812575928
806-27__rec_align_merged.mrk.json,0.018741302469092044,0.019267201513429918,195.84176033486474,195.85095573891857
806-28__rec_align_merged.mrk.json,0.01898195015497308,0.019225313903912064,194.87053578579815,194.8832892289237
806-29__rec_align_merged.mrk.json,0.016361931873836562,0.016807225519464414,197.7974132033026,197.80379402588727
806-2__rec_align_merged.mrk.json,0.01900414987958655,0.019274689163407053,205.5455790127693,205.54703425121292
806-30__rec_align_merged.mrk.json,0.024429491413361978,0.024803892811422378,202.47201892904846,202.47629157797874
806-31__rec_align_merged.mrk.json,0.0131602441928269,0.013652324376788691,204.73160784472557,204.70601238170278
806-3__rec_align_merged.mrk.json,0.01849820720341958,0.01898497166421416,202.29611149541756,202.2900337913956
806_10_rec_align_merged.mrk.json,0.013144296554885039,0.01373676881548949,196.64647248291564,196.66039466166418
806_11_rec_align_merged.mrk.json,0.023205239171222414,0.02365815672204741,189.39788886786985,189.4100611507999
806_12_rec_align_merged.mrk.json,0.014120277699103385,0.014714102378725667,194.4373197606918,194.44054896563955
806_13_rec_align_merged.mrk.json,0.018606042567797354,0.019131750263889212,189.7015491756616,189.70739470276624
806_4_rec_align_merged.mrk.json,0.025574184174652598,0.025888728402472274,198.63613483552575,198.66640688377836
806_5_rec_align_merged.mrk.json,0.029534521652127044,0.02972668847880329,194.19260977276682,194.2033962823988
806_6_rec_align_merged.mrk.json,0.018673223746159193,0.019152541827387574,193.8882080491337,193.896747582118
806_7_rec_align_merged.mrk.json,0.017548704601122588,0.018008495278960222,189.37058915881096,189.39950566471362
806_8_rec_align_merged.mrk.json,0.015783519633570636,0.01627321503846125,196.0605607836324,196.04653618568054
806_9_rec_align_merged.mrk.json,0.017688460068036854,0.018030896365113094,194.38180835212322,194.399027995845
807-10__rec_align_merged.mrk.json,0.0196366774086928,0.020189544327951156,193.74873558271304,193.75218985713522
807-11__rec_align_merged.mrk.json,0.01571954724510991,0.01615646971568548,195.81557599955863,195.82426122038638
807-12__rec_align_merged.mrk.json,0.014176925988869542,0.01474488538190835,201.50926613204254,201.50470411082355
807-13__rec_align_merged.mrk.json,0.018360091229773397,0.018801890486602302,200.0225318793971,200.0248300733425
807-14__rec_align_merged.mrk.json,0.0205292061992732,0.02093166728494183,199.85595590498116,199.8735333291806
807-15__rec_align_merged.mrk.json,0.017693998067950373,0.01815053729398427,202.92649238972606,202.9270393599693
807-16__rec_align_merged.mrk.json,0.020326993977038684,0.020877326049894736,193.56789155667036,193.61469256567514
807-17__rec_align_merged.mrk.json,0.01781570357104904,0.018236935718259534,201.3552612446329,201.35906728616143
807-18__rec_align_merged.mrk.json,0.024424078189356855,0.024871141203829373,198.71944444501878,198.73648503695793
807-19__rec_align_merged.mrk.json,0.03303090838173838,0.03325345022082622,187.14377106678177,187.16310077776106
807-6-_rec_align_merged.mrk.json,0.01785287927058847,0.01825293321747977,201.80276726595503,201.77880035966385
807-7__rec_align_merged.mrk.json,0.020134683022826023,0.020577450163209558,200.56854540680095,200.57910276732807
807-8__rec_align_merged.mrk.json,0.020897608453742438,0.021230296141337188,196.70844584491147,196.7152812653331
807-9__rec_align_merged.mrk.json,0.02032684314058665,0.020681323752209543,197.6614827305103,197.6506479053772
807_1__rec_align_merged.mrk.json,0.018150455511417262,0.01863328376709084,205.95630866146024,205.97736254577563
807_20_rec_align_merged.mrk.json,0.01812908894076483,0.018496652863491576,198.76665952381583,198.76009680454632
807_21_rec_align_merged.mrk.json,0.027142131480056998,0.027534132102112602,197.02730503293137,197.0361001931887
807_22_rec_align_merged.mrk.json,0.025992900116016224,0.026317588003827653,196.26746419208519,196.2756106664132
807_23_rec_align_merged.mrk.json,0.021645305152120504,0.022035750255137,191.96994296730085,191.99265325490074
807_24_rec_align_merged.mrk.json,0.020374239893861282,0.02073892232421263,194.0250062199665,194.0264648019384
807_25__rec_align_merged.mrk.json,0.028135566713527273,0.02845838615082138,188.38382002591138,188.38784252142972
807_26_rec_align_merged.mrk.json,0.025410627821047905,0.02575829264373432,199.57260297746473,199.5862283834847
807_2__rec_align_merged.mrk.json,0.014142666400676974,0.01463568145234714,207.92670725073341,207.91897834169717
807_3__rec_align_merged.mrk.json,0.01743458884381648,0.01792671799498283,201.1337613149179,201.1333890022455
807_4__rec_align_merged.mrk.json,0.015334737535418778,0.01576244395162872,206.5450351728103,206.5120448863105
807_5__rec_align_merged.mrk.json,0.02111795202124238,0.021501394877367363,199.3946522243536,199.40646234580308
808-10__rec_align_merged.mrk.json,0.01830525524807339,0.01866270159936047,196.37801291478098,196.3979812908672
808-11__rec_align_merged.mrk.json,0.018078306130836594,0.018459491096412886,201.7482482037181,201.7517810658752
808-12__rec_align_merged.mrk.json,0.021869732221233253,0.022362233400805166,189.45549416059546,189.45773164175637
808-13__rec_align_merged.mrk.json,0.02356114733489803,0.023937195891829983,195.37866170076805,195.4030028333016
808-14__rec_align_merged.mrk.json,0.01749885943722613,0.017805289216814634,196.56679599729958,196.57006652108723
808-15__rec_align_merged.mrk.json,0.017747558810582743,0.018083361053586912,194.27823562122225,194.29674366231202
808-16__rec_align_merged.mrk.json,0.045638149115080115,0.04585414247064668,182.49295322651204,182.49885413071448
808-17__rec_align_merged.mrk.json,0.02601297853075031,0.026286422436254238,189.66487782662782,189.65975708119583
808-18__rec_align_merged.mrk.json,0.02524357658063064,0.025607712713697005,194.87850711766941,194.89045700183277
808-8__rec_align_merged.mrk.json,0.019722614993503848,0.01995907538825352,201.8243008954709,201.80948847499
808_1__rec_align_merged.mrk.json,0.030357555278770938,0.03051731434752889,199.99558867915334,200.01430139957046
808_2__rec_align_merged.mrk.json,0.017817661446935473,0.018260206729928247,208.06920765281214,208.07971428361108
808_3__rec_align_merged.mrk.json,0.016798833250138714,0.017331157090006676,201.3705600999027,201.36807984205137
808_4__rec_align_merged.mrk.json,0.023138581587194687,0.023508683568867227,206.83796835750965,206.83386464564373
808_5__rec_align_merged.mrk.json,0.014799924495367829,0.015242771722417198,208.1125952624936,208.1490949059883
808_6__rec_align_merged.mrk.json,0.016797344393932878,0.017301665675419527,205.80059398881892,205.8165102220213
808_7_rec_align_merged.mrk.json,0.01967009547157089,0.020122078153365346,201.35621143922845,201.33975988668752
808_9_rec_align_merged.mrk.json,0.017578582109062813,0.018102997272850172,202.77226988318318,202.79978190114247
809-14__rec_align_merged.mrk.json,0.01851975010394173,0.018833803512667224,198.85691081568646,198.8676957904037
809-15__rec_align_merged.mrk.json,0.015607511943725642,0.016218674903476747,195.8566449942461,195.8633913755414
809-16__rec_align_merged.mrk.json,0.023376785691964098,0.023600592009198847,201.49323351842474,201.48766965929786
809-17__rec_align_merged.mrk.json,0.016287649781450635,0.016771275113651406,194.63341197312263,194.65543702647932
809-18__rec_align_merged.mrk.json,0.017982570736581965,0.018425229788535735,197.0739907315773,197.08415879064614
809-19__rec_align_merged.mrk.json,0.017639399426440137,0.018175932469186504,200.66343335298288,200.68420579953136
809-20__rec_align_merged.mrk.json,0.020172566874650293,0.02056167117629361,197.0607694457552,197.05600938285713
809-21__rec_align_merged.mrk.json,0.019884319756376678,0.020189804227347133,197.80563038121701,197.81245032782766
809-23__rec_align_merged.mrk.json,0.02008844389426078,0.020392268975478085,201.1723113777973,201.16614337700136
809-24__rec_align_merged.mrk.json,0.013978500955127891,0.014492948540114334,198.5306530626409,198.5145890294251
809-25__rec_align_merged.mrk.json,0.016392800668305167,0.01672723486900104,198.47809936452228,198.45660923275446
809-26__rec_align_merged.mrk.json,0.01596475336414878,0.016467469105516157,195.50724402815425,195.5018645790831
809-27__rec_align_merged.mrk.json,0.01873629240662395,0.019361187624238035,192.84905416940035,192.84120347039996
809-28__rec_align_merged.mrk.json,0.01864879316472932,0.01899674209564049,195.0145549779984,195.0344430461067
809-29__rec_align_merged.mrk.json,0.017473887301844144,0.017796595862685654,194.0914175137321,194.09612976998073
809-7__rec_align_merged.mrk.json,0.018926141570116045,0.01918700117448247,201.48204429216392,201.49760691983437
809-8__rec_align_merged.mrk.json,0.0184884880054057,0.019015462820693784,193.9674062544789,193.9771775846095
809_11__rec_align_merged.mrk.json,0.014934758982878342,0.015484541874749793,199.04272412357636,199.03423911665627
809_12__rec_align_merged.mrk.json,0.01744586577100852,0.0178390910218843,189.96878288463506,189.99292507288368
809_13__rec_align_merged.mrk.json,0.016383773595494106,0.01693413133297817,193.11134423683887,193.1316522111472
809_1__rec_align_merged.mrk.json,0.015204398484262405,0.01566574443091584,207.11382625455073,207.11940192852563
809_2__rec_align_merged.mrk.json,0.016010135165754977,0.016471818990504563,209.18671454712285,209.20457541119725
809_3__rec_align_merged.mrk.json,0.014134764676087553,0.014208086517947036,209.27561421932512,209.25562244416855
809_4__rec_align_merged.mrk.json,0.026311926803037188,0.02656756976528407,203.16360602929933,203.13147633203093
809_5__rec_align_merged.mrk.json,0.017403469768785134,0.017906218754641382,204.069832115341,204.05024739407406
809_6__rec_align_merged.mrk.json,0.016833894548021384,0.01723562048127375,207.3786754439275,207.39280379649153
skull_152_1__rec_align_merged.mrk.json,0.021790388047216964,0.022131943864746026,204.20678343662408,204.21356968074517
skull_152_2__rec_align_merged.mrk.json,0.016731721967449233,0.017108476619789748,202.3085838087034,202.32745470188175
skull_152_3__rec_align_merged.mrk.json,0.020021939464196132,0.020276618109307552,206.76740931492958,206.77928188052195
skull_152_4__rec_align_merged.mrk.json,0.015096793602158596,0.015556099933266456,203.73330802304574,203.73614624179257
skull_152_5__rec_align_merged.mrk.json,0.018006305131250486,0.018253749300022718,205.69154145539028,205.6916824543945
skull_152_6__rec_align_merged.mrk.json,0.017989401041528057,0.018512632938875985,204.67793720012136,204.69979838538148
skull_152_7__rec_align_merged.mrk.json,0.021050961604742468,0.021367582560671932,208.21609706428225,208.2152630309311
skull_152_8__rec_align_merged.mrk.json,0.015447124789973586,0.015847057499923836,209.75138231879373,209.76009671100337
skull_155_10__rec_align_merged.mrk.json,0.02388648337553592,0.024108557108179884,199.9236986117951,199.93221603956655
skull_155_11__rec_align_merged.mrk.json,0.015853471588001558,0.01643927670020297,202.70512272824723,202.7374191052265
skull_155_13__rec_align_merged.mrk.json,0.02220762096316338,0.022641522301638847,208.28959768697035,208.28270988055004
skull_155_14__rec_align_merged.mrk.json,0.020079527539829764,0.020457830125252586,208.18891377451507,208.19633811584367
skull_155_15__rec_align_merged.mrk.json,0.017539047484115444,0.018056144537762105,210.77358029752196,210.7759130768716
skull_155_16__rec_align_merged.mrk.json,0.021278786195277687,0.021651234999543297,209.55429943316656,209.55155943498178
skull_155_17__rec_align_merged.mrk.json,0.028329692104879935,0.028479962143659308,195.59341235567078,195.5929049103565
skull_155_18__rec_align_merged.mrk.json,0.01725682581790933,0.017566379810151255,205.8547460600567,205.85420290800266
skull_155_19__rec_align_merged.mrk.json,0.01605436548283728,0.01653974522584762,202.6287305499291,202.6218399493816
skull_155_20__rec_align_merged.mrk.json,0.015757302548221504,0.016275339022536802,201.97535759664248,202.03733192391635
skull_155_21__rec_align_merged.mrk.json,0.01674341372254471,0.017143658577321072,209.23843089686477,209.2345815466237
skull_155_22__rec_align_merged.mrk.json,0.018697993389706995,0.01906211787949481,206.02554201431707,206.05198334929574
skull_155_23__rec_align_merged.mrk.json,0.017195785672209588,0.017643171535650773,204.3799611835141,204.36662009817294
skull_155_24__rec_align_merged.mrk.json,0.0177660068198083,0.018136405829342447,204.90464553936735,204.9260463320361
skull_155_26__rec_align_merged.mrk.json,0.01733251419365026,0.017758409428276247,205.7570362698871,205.7584933583423
skull_155_27__rec_align_merged.mrk.json,0.016148324206166857,0.016659488152131776,208.4023327262917,208.40307251661233
skull_155_28__rec_align_merged.mrk.json,0.01890451476811,0.019323342364843055,202.54289716341523,202.56779419705884
skull_157_10__rec_align_merged.mrk.json,0.018176627062984525,0.01865086242276112,209.1473286100113,209.13962498724914
skull_157_11__rec_align_merged.mrk.json,0.01852065501157627,0.01887503046407598,209.183942641295,209.17397474773807
skull_157_12__rec_align_merged.mrk.json,0.01804967933321014,0.01842640984805069,209.54196991031836,209.5511106497658
skull_157_1__rec_align_merged.mrk.json,0.01568089003676462,0.01616436909956558,203.59598928288537,203.5925556313793
skull_157_2__rec_align_merged.mrk.json,0.01846976482319852,0.018824795668119693,208.6547364366769,208.66280754139223
skull_157_3__rec_align_merged.mrk.json,0.024049315812140797,0.024293151048200737,208.98147965299765,208.993696507028
skull_157_4__rec_align_merged.mrk.json,0.016252715900576833,0.016696886327994882,207.3130038087022,207.31205646926102
skull_157_8__rec_align_merged.mrk.json,0.016828817384916504,0.017266816169112412,208.5123216381513,208.4837176778412
skull_157_9__rec_align_merged.mrk.json,0.020735280447621515,0.0210738083925754,209.39884735961988,209.410393810243
skull_158_21_rec_align_merged.mrk.json,0.019408672662696264,0.019795662204887154,209.6330098309815,209.63937004565358
skull_158_22_rec_align_merged.mrk.json,0.02007089284166849,0.020358371988684027,207.2961912913476,207.31610168368147
skull_158_24_rec_align_merged.mrk.json,0.017927629234445745,0.018239952046134544,207.5501591788779,207.5414588167381
skull_158_26_rec_align_merged.mrk.json,0.018802911192994456,0.019293686286862195,204.71048139952222,204.71995348339982
skull_158_27_rec_align_merged.mrk.json,0.017620122336484054,0.017991721106369325,206.31555781610936,206.30836317281006
skull_158_28_rec_align_merged.mrk.json,0.017271804670088892,0.017709772690669673,202.8051977236314,202.83069821214886
skull_158_29_rec_align_merged.mrk.json,0.01647429789254897,0.016993468261151286,200.5885999734213,200.58822981711236
skull_160_1__rec_align_merged.mrk.json,0.019443268899575504,0.01981027648038513,208.01749897077528,208.03015548490006
skull_160_20__rec_align_merged.mrk.json,0.020750120832687388,0.020997841552216928,212.76022443920647,212.7363107207385
skull_160_23__rec_align_merged.mrk.json,0.02054612818902488,0.020900818843503706,207.6189535664639,207.63958367721432
skull_160_24__rec_align_merged.mrk.json,0.015321001013475676,0.01581050615997645,206.99005896493097,206.99494801584697
skull_160_25__rec_align_merged.mrk.json,0.022829183890392506,0.023194674983491783,199.12391644163847,199.1169140504363
skull_160_27_rec_align_merged.mrk.json,0.020035395867977045,0.020363794373413024,212.15343401306438,212.15255457864745
skull_160_2__rec_align_merged.mrk.json,0.023990146258701724,0.024284161625848347,205.88189493271074,205.90533944249142
skull_160_3__rec_align_merged.mrk.json,0.021334818304758515,0.021784356661960744,208.3512140566642,208.36081856514616
skull_160_4__rec_align_merged.mrk.json,0.02401217136552382,0.024191956299779056,210.94522409003068,210.9534296290059
skull_160_5__rec_align_merged.mrk.json,0.015532156016770075,0.016147150854801746,204.6738450052983,204.6882869608943
skull_160_6__rec_align_merged.mrk.json,0.017753410122364005,0.018135460190344916,207.16626241016917,207.17945292129536
skull_160_7__rec_align_merged.mrk.json,0.01811090440649654,0.018413172038343747,201.19711451248247,201.2064979651128
skull_160_8__rec_align_merged.mrk.json,0.016668299831831483,0.01705469370190651,203.72811104188952,203.72899673854513
skull_805_10__rec_align_merged.mrk.json,0.02102395814737209,0.021408441163191457,204.98414458448983,204.97735135994242
skull_805_12__rec_align_merged.mrk.json,0.025102283013510616,0.025359004001169628,208.86920200216062,208.86937372749333
skull_805_9__rec_align_merged.mrk.json,0.017316098683987938,0.017725396337769157,206.37343401406594,206.36109580850015
skull_806_14_rec_align_merged.mrk.json,0.01642019444266904,0.01698114555875303,205.1203274764567,205.1395047999354
skull_806_15_rec_align_merged.mrk.json,0.01769082197020088,0.01821052091200682,207.06486990674296,207.07550555077978
skull_806_16_rec_align_merged.mrk.json,0.015481920698739306,0.016027905999611753,205.9139738143054,205.942172640746
skull_806_17_rec_align_merged.mrk.json,0.0160811799737017,0.016515240084074165,207.20409631154294,207.22502346246026
skull_806_18_rec_align_merged.mrk.json,0.0195090101604143,0.019922451027584432,208.88870972744385,208.9248373178956
skull_809_10__rec_align_merged.mrk.json,0.018195456116719144,0.018548607813971617,202.22745562535613,202.2632175420497
skull_809_9__rec_align_merged.mrk.json,0.020684435032493374,0.020929783912872677,202.13742401269798,202.13862439502685
