specimen,PD_A_joint,PD_B_joint,delta_PDB_minus_PDA,pairwise_ProcD_A_vs_B
152-24__rec_align_merged.mrk.json,0.023576122905473475,0.023922230496653037,0.0003461075911795619,0.004308683666365412
152-25__rec_align_merged.mrk.json,0.0201060585491791,0.02067908693515634,0.0005730283859772395,0.004725859319976065
152-26__rec_align_merged.mrk.json,0.025469906171503628,0.025831499611779673,0.0003615934402760451,0.004567423798620734
152-27__rec_align_merged.mrk.json,0.026406688420886552,0.026633940010463566,0.00022725158957701344,0.004225247962130461
152-28__rec_align_merged.mrk.json,0.02109876226356121,0.0214622693675777,0.0003635071040164889,0.004608718491342167
152-29__rec_align_merged.mrk.json,0.021668425454717144,0.022010450805149746,0.00034202535043260235,0.003997154722949805
152-30__rec_align_merged.mrk.json,0.01846964459400415,0.018797158676926162,0.000327514082922014,0.004103939508598523
152-31__rec_align_merged.mrk.json,0.021217401254750523,0.02174998526819271,0.0005325840134421875,0.004131575426409418
152-32__rec_align_merged.mrk.json,0.020275310638168238,0.020601020211297238,0.00032570957312899954,0.004087731284948084
152-33__rec_align_merged.mrk.json,0.019098860415731167,0.019454513372417007,0.00035565295668583963,0.004181154225385828
152-34__rec_align_merged.mrk.json,0.016272120690073527,0.01666035752529966,0.00038823683522613145,0.004500006111811474
152-35__rec_align_merged.mrk.json,0.01702941027907634,0.01750950778607797,0.0004800975070016304,0.004070617287111699
152-36__rec_align_merged.mrk.json,0.02060954968305,0.021058338728699465,0.0004487890456494649,0.004318120308385843
152-37__rec_align_merged.mrk.json,0.01734881308920642,0.01766981053645782,0.00032099744725139906,0.00434438608500757
152-38__rec_align_merged.mrk.json,0.01947957082537416,0.019698453798324373,0.00021888297295021356,0.0042606221430312695
152-39__rec_align_merged.mrk.json,0.016253099737924145,0.01665654171320139,0.0004034419752772453,0.004203555929761413
152-40__rec_align_merged.mrk.json,0.019441762364358187,0.019799547465503633,0.00035778510114544554,0.004580743307622779
152-41__rec_align_merged.mrk.json,0.01965069925473617,0.020083339564119895,0.000432640309383725,0.0040566929995928345
152-42__rec_align_merged.mrk.json,0.014901330342405063,0.015517594678668405,0.0006162643362633419,0.004824547106460143
152-43__rec_align_merged.mrk.json,0.015377561837321859,0.015864737405382263,0.0004871755680604037,0.004453926016508866
152-44__rec_align_merged.mrk.json,0.018806767765032553,0.019227400267538716,0.0004206325025061623,0.004242656332269395
152-45__rec_align_merged.mrk.json,0.020014517058148582,0.020426575109144668,0.0004120580509960857,0.0044719673475439444
152-46__rec_align_merged.mrk.json,0.014310753669389203,0.014940684633524468,0.0006299309641352654,0.004278324680603125
152-47__rec_align_merged.mrk.json,0.028144661992709943,0.02838799823327582,0.0002433362405658765,0.004689151153241356
152-48__rec_align_merged.mrk.json,0.019203391193609764,0.019557679726070126,0.00035428853246036174,0.0043487538006757665
152-49__rec_align_merged.mrk.json,0.01885330224688036,0.019410542626593426,0.0005572403797130671,0.004466092633168359
152-50__rec_align_merged.mrk.json,0.01695778956749617,0.017365870512703357,0.00040808094520718846,0.00440823640733908
152-51__rec_align_merged.mrk.json,0.01525400626405732,0.01580737438562462,0.0005533681215673016,0.004202786117061189
152-52__rec_align_merged.mrk.json,0.022574954560952817,0.022993294732985795,0.0004183401720329778,0.004636288319421438
152_10_rec_align_merged.mrk.json,0.0170576593123022,0.01752521730474805,0.0004675579924458481,0.004196350048836644
152_11_rec_align_merged.mrk.json,0.020642736385223574,0.02098433227790814,0.00034159589268456525,0.004087358023789733
152_12_rec_align_merged.mrk.json,0.019932517402117995,0.02022655416856313,0.00029403676644513405,0.004371542685077183
152_13_rec_align_merged.mrk.json,0.020647673862272203,0.020982810461242427,0.0003351365989702239,0.004464892449184592
152_14_rec_align_merged.mrk.json,0.021352904717286857,0.021564630473846005,0.00021172575655914808,0.004095313610689416
152_15_rec_align_merged.mrk.json,0.01816074534943723,0.01855026141154483,0.0003895160621075998,0.00418006383711786
152_16_rec_align_merged.mrk.json,0.017566321551670996,0.017932858983117535,0.00036653743144653833,0.0041052810671241375
152_17_rec_align_merged.mrk.json,0.013698493439403275,0.014298205377870344,0.000599711938467069,0.004474763277145516
152_18_rec_align_merged.mrk.json,0.022302072643180383,0.02261225077458179,0.00031017813140140835,0.004308394545858262
152_19_rec_align_merged.mrk.json,0.02189610142673861,0.02226617254504924,0.00037007111831062825,0.004129544543386614
152_20_rec_align_merged.mrk.json,0.02392267569938535,0.024112763503988707,0.00019008780460335814,0.004080732357299483
152_21_rec_align_merged.mrk.json,0.017658401748510997,0.018058428822613444,0.0004000270741024471,0.004517864073423684
152_22_rec_align_merged.mrk.json,0.016894039096321173,0.01737390428897615,0.00047986519265497823,0.00442526871982746
152_23_rec_align_merged.mrk.json,0.024750856473387157,0.025033453589222564,0.00028259711583540625,0.004178778671779446
152_9_rec_align_merged.mrk.json,0.019542348907914592,0.019922020022087723,0.00037967111417313085,0.004259703405300743
155-1__rec_align_merged.mrk.json,0.017820023315172656,0.01829355127316579,0.0004735279579931341,0.004425029783100293
155-25__rec_align_merged.mrk.json,0.01776729977669218,0.01827203116255951,0.000504731385867329,0.004519469106952293
155-29__rec_align_merged.mrk.json,0.017564818342031694,0.01781106766627448,0.00024624932424278587,0.004290567237560791
155-30__rec_align_merged.mrk.json,0.017122709650666992,0.017575729286974612,0.00045301963630762013,0.004639480747832898
155-31__rec_align_merged.mrk.json,0.018263591679568168,0.018610912923030663,0.00034732124346249435,0.004091611502649061
155-32__rec_align_merged.mrk.json,0.014788268785692426,0.015281527773151655,0.0004932589874592289,0.0043435643102090644
155-33__rec_align_merged.mrk.json,0.017748159505134645,0.018208546570567825,0.0004603870654331793,0.004203640348494675
155-34__rec_align_merged.mrk.json,0.0178476224140922,0.018259251353411558,0.0004116289393193591,0.0041788568627956985
155-35__rec_align_merged.mrk.json,0.021176780096955547,0.021442561974918894,0.0002657818779633475,0.003974829240411171
155-36__rec_align_merged.mrk.json,0.017997707967386287,0.01840768714721562,0.00040997917982933327,0.004334337596814887
155-37__rec_align_merged.mrk.json,0.018923834427542672,0.019131980718016747,0.00020814629047407468,0.004081442526426323
155-38__rec_align_merged.mrk.json,0.01933920122536782,0.01969575985319589,0.00035655862782807066,0.004136735524432099
155-39__rec_align_merged.mrk.json,0.02043724473023361,0.020901107283259474,0.0004638625530258636,0.004203520891094771
155-40__rec_align_merged.mrk.json,0.01824044017805587,0.01867410630846669,0.00043366613041082025,0.004609968509943326
155-41__rec_align_merged.mrk.json,0.015417198351387912,0.015849479998742748,0.00043228164735483604,0.004189313661153661
155-42__rec_align_merged.mrk.json,0.014623552102952806,0.015201639439456646,0.0005780873365038401,0.004270723194044936
155-43__rec_align_merged.mrk.json,0.014897326520401466,0.015301474782860836,0.0004041482624593702,0.0042751917285505
155_12_rec_align_merged.mrk.json,0.017605585090131638,0.018098663595570483,0.0004930785054388445,0.0043072821162217344
155_2__rec_align_merged.mrk.json,0.016983322371033914,0.017461953967928996,0.00047863159689508217,0.00428395545678682
155_3__rec_align_merged.mrk.json,0.01701553695533245,0.017426893290135456,0.0004113563348030064,0.004009188012682202
155_4__rec_align_merged.mrk.json,0.018308117518299756,0.018513223451337962,0.0002051059330382063,0.003939606461174918
155_5__rec_align_merged.mrk.json,0.0219316088078093,0.02226628717848959,0.00033467837068029,0.004378614780607453
155_6__rec_align_merged.mrk.json,0.017152747665770306,0.017727408423056836,0.0005746607572865298,0.004359992562672856
155_7__rec_align_merged.mrk.json,0.017818550061798662,0.018259032023324018,0.0004404819615253554,0.004181732749365224
155_8__rec_align_merged.mrk.json,0.016640247224748973,0.017152255051519124,0.0005120078267701507,0.00416025499574443
155_9__rec_align_merged.mrk.json,0.01710854524388672,0.017544960421131343,0.00043641517724462425,0.004245709664171741
156-1__rec_align_merged.mrk.json,0.029090293901349994,0.029568844754934157,0.0004785508535841629,0.005119715233857046
156-20__rec_align_merged.mrk.json,0.016527059288660946,0.016950048689070216,0.00042298940040927033,0.004376557948137796
156-21__rec_align_merged.mrk.json,0.012011793986993122,0.012710040364210397,0.0006982463772172744,0.004305206600922607
156-22__rec_align_merged.mrk.json,0.01985284425940477,0.02016352733461388,0.00031068307520910887,0.004323830850141396
156-23__rec_align_merged.mrk.json,0.021361487615086168,0.021645466482509895,0.0002839788674237273,0.004512460527693838
156-24__rec_align_merged.mrk.json,0.02177964203365109,0.022035545872166714,0.0002559038385156233,0.004049676236338629
156-25__rec_align_merged.mrk.json,0.018228001213587232,0.018626469301461814,0.00039846808787458166,0.004325307047946828
156-26__rec_align_merged.mrk.json,0.01771344289992462,0.018043927368232442,0.000330484468307822,0.004152032035286613
156-27__rec_align_merged.mrk.json,0.01747731054192163,0.017849529200389354,0.00037221865846772534,0.0041616441495285
156-2__rec_align_merged.mrk.json,0.01571115141448405,0.016181716223138173,0.00047056480865412254,0.004295418854564225
156-3__rec_align_merged.mrk.json,0.01735259729756973,0.01782826088837308,0.0004756635908033484,0.004497249560299838
156-4__rec_align_merged.mrk.json,0.020176126966426584,0.020572836297063753,0.000396709330637169,0.004358480138499643
156-5__rec_align_merged.mrk.json,0.01636003132351667,0.016802878552607706,0.0004428472290910375,0.004425148953859554
156-6__rec_align_merged.mrk.json,0.016419422296579552,0.016958194145172873,0.000538771848593321,0.004471818833730621
156-7__rec_align_merged.mrk.json,0.015694816145607332,0.016186559007908215,0.0004917428623008833,0.004423138693956439
156-8__rec_align_merged.mrk.json,0.01832107796777462,0.018746727272168067,0.0004256493043934481,0.004267475348365938
156-9__rec_align_merged.mrk.json,0.020480293143858713,0.020920532251281036,0.00044023910742232303,0.00437976884045376
156_10__rec_align_merged.mrk.json,0.014346544498430105,0.014893993957194885,0.0005474494587647798,0.004432904175186602
156_11__rec_align_merged.mrk.json,0.018216681514459345,0.018729803987416086,0.000513122472956741,0.004142408312923867
156_12__rec_align_merged.mrk.json,0.018489285180024108,0.018721109958237923,0.00023182477821381484,0.004492352551530256
156_13__rec_align_merged.mrk.json,0.020643517500006734,0.02102290146944105,0.00037938396943431457,0.0042986580056389515
156_14__rec_align_merged.mrk.json,0.015368433262718754,0.015843196913987112,0.00047476365126835826,0.004174815992091603
156_15__rec_align_merged.mrk.json,0.02070235487678378,0.02102783478038167,0.000325479903597891,0.0046182324606530035
156_16__rec_align_merged.mrk.json,0.018643344901406844,0.01921328009348826,0.0005699351920814173,0.004478898082121203
156_17__rec_align_merged.mrk.json,0.018872168082073676,0.019338660260311374,0.0004664921782376978,0.004411571259429457
156_18__rec_align_merged.mrk.json,0.021266652570211264,0.021659129455909944,0.0003924768856986803,0.0044928751756171765
156_19__rec_align_merged.mrk.json,0.01982272508342812,0.020225902667297284,0.00040317758386916244,0.004286341790961723
157-15__rec_align_merged.mrk.json,0.014682656914128315,0.015154194865152454,0.00047153795102413895,0.004213136985621202
157-16__rec_align_merged.mrk.json,0.01941540364404443,0.01980616313724364,0.0003907594931992116,0.004376747564558129
157-29__rec_align_merged.mrk.json,0.023232860624797767,0.023585383792155284,0.00035252316735751715,0.004786554509110367
157-30__rec_align_merged.mrk.json,0.020970189419322775,0.021336688844864487,0.0003664994255417123,0.004102374591432416
157-31__rec_align_merged.mrk.json,0.01883243276553547,0.01928250490215351,0.0004500721366180391,0.004569153600070895
157-32__rec_align_merged.mrk.json,0.019152304504122107,0.019610509670528794,0.00045820516640668676,0.004204687077211315
157-33__rec_align_merged.mrk.json,0.02015510064287884,0.02056482266441682,0.000409722021537981,0.004512641303818659
157-34__rec_align_merged.mrk.json,0.015181822153307137,0.01573887898907539,0.0005570568357682517,0.004404759442695552
157-35__rec_align_merged.mrk.json,0.04215789415630618,0.042325939158296126,0.00016804500198994848,0.004902364368645438
157-36__rec_align_merged.mrk.json,0.01695079866686456,0.0173875570032987,0.00043675833643413986,0.004042035722261355
157-37__rec_align_merged.mrk.json,0.02054433738360869,0.02096521866302359,0.00042088127941490236,0.004208689428840934
157-38__rec_align_merged.mrk.json,0.020556312270140112,0.020918538471137695,0.0003622262009975834,0.004393614707545524
157_13_rec_align_merged.mrk.json,0.014139891259230429,0.014518303668566487,0.00037841240933605795,0.004285823609891572
157_14_rec_align_merged.mrk.json,0.017966481499127922,0.01844263302789034,0.00047615152876241684,0.004412512780137152
157_17__rec_align_merged.mrk.json,0.017546001681062254,0.017956959839307948,0.0004109581582456938,0.004241449442314933
157_18_rec_align_merged.mrk.json,0.017170247129863557,0.017498257429976592,0.0003280103001130352,0.0042952729403668115
157_19__rec_align_merged.mrk.json,0.015577302200390549,0.016173944346584167,0.0005966421461936176,0.00451771549593483
157_20_rec_align_merged.mrk.json,0.01713448349139474,0.01752412757481857,0.00038964408342383183,0.004167773068757078
157_21__rec_align_merged.mrk.json,0.01994248488906121,0.020289904650038534,0.0003474197609773244,0.004209692362112212
157_22__rec_align_merged.mrk.json,0.016724250058900783,0.017249764924756703,0.0005255148658559194,0.004382792251859043
157_23__rec_align_merged.mrk.json,0.017921622111334558,0.018313207483525717,0.0003915853721911597,0.004543226085872886
157_24_rec_align_merged.mrk.json,0.022082995088694254,0.022410908690690436,0.0003279136019961812,0.004271817838771403
157_25_rec_align_merged.mrk.json,0.020918645914226822,0.021276451631252066,0.00035780571702524397,0.004112224090468149
157_26_rec_align_merged.mrk.json,0.01872302420732159,0.019236165336064884,0.0005131411287432955,0.0043722206091697715
157_27_rec_align_merged.mrk.json,0.01795456085588597,0.018289527853041825,0.00033496699715585346,0.004330936719942164
157_28_rec_align_merged.mrk.json,0.018725752650947218,0.019115201540818645,0.0003894488898714271,0.004291825885032059
157_5_rec_align_merged.mrk.json,0.021142677532223812,0.02134792335302792,0.00020524582080410844,0.004260880384894875
157_6_rec_align_merged.mrk.json,0.015060593778313534,0.01558896264316622,0.0005283688648526855,0.004227647453484075
157_7_rec_align_merged.mrk.json,0.01883490567640428,0.01936296695355944,0.0005280612771551597,0.004308347512988698
158-23__rec_align_merged.mrk.json,0.01764986915144438,0.01805766931843248,0.00040780016698810026,0.004507451877340921
158-25__rec_align_merged.mrk.json,0.015804879528143575,0.016393273372823883,0.0005883938446803079,0.004205749694840327
158-30__rec_align_merged.mrk.json,0.015148477234782404,0.015670446921833333,0.0005219696870509289,0.004186833869530795
158-31__rec_align_merged.mrk.json,0.02375196922263153,0.024114291766307035,0.00036232254367550565,0.004214796780470467
158-32__rec_align_merged.mrk.json,0.01810806197356133,0.01841399968507127,0.0003059377115099404,0.004441490236516054
158-33__rec_align_merged.mrk.json,0.01574663229976449,0.016267999658353384,0.000521367358588893,0.004219024153435987
158-34__rec_align_merged.mrk.json,0.016723690136831223,0.01712869664440974,0.00040500650757851683,0.004387292840142559
158-35__rec_align_merged.mrk.json,0.016224294085332328,0.016736518095474336,0.0005122240101420074,0.004339650375078816
158-36__rec_align_merged.mrk.json,0.01787675281626573,0.018297757069350818,0.00042100425308508674,0.004527221910062794
158-37__rec_align_merged.mrk.json,0.02047894389230416,0.020811720305116226,0.0003327764128120657,0.0043041505593831315
158-38__rec_align_merged.mrk.json,0.017620181943701706,0.018122119663246165,0.0005019377195444596,0.004524989975223529
158-39__rec_align_merged.mrk.json,0.019913599069491455,0.020377077599243534,0.0004634785297520788,0.004155321217761029
158-40__rec_align_merged.mrk.json,0.016685242675256295,0.01711080453808313,0.00042556186282683567,0.004176517386132561
158-41__rec_align_merged.mrk.json,0.023331339874446827,0.02368094355033486,0.00034960367588803345,0.004520077597540982
158-42__rec_align_merged.mrk.json,0.01614593499147964,0.016581956971502474,0.00043602198002283543,0.004354223315219989
158-43__rec_align_merged.mrk.json,0.019863531409365566,0.02021957050141271,0.0003560390920471432,0.004201742890950004
158-44__rec_align_merged.mrk.json,0.015066548371345367,0.015498084956486793,0.00043153658514142636,0.004520973241651741
158-45__rec_align_merged.mrk.json,0.017578532404128194,0.01798272521298451,0.0004041928088563164,0.004377551355167901
158-46__rec_align_merged.mrk.json,0.015182197894005245,0.015616582749996789,0.00043438485599154447,0.004219299466632952
158-47__rec_align_merged.mrk.json,0.01883969706367823,0.01925328140048542,0.00041358433680719134,0.004143758918537869
158-48__rec_align_merged.mrk.json,0.021894342417834715,0.02210389814871631,0.000209555730881595,0.0044122219437526
158-50__rec_align_merged.mrk.json,0.017495576254002353,0.01793221757661613,0.00043664132261377747,0.004157806819789588
158-8__rec_align_merged.mrk.json,0.019666726588248418,0.01996593432683457,0.0002992077385861533,0.004117742203503772
158-9__rec_align_merged.mrk.json,0.018019267365868938,0.018494091233136792,0.00047482386726785397,0.00436389513800839
158_10_rec_align_merged.mrk.json,0.015372400992677506,0.016006715524936564,0.0006343145322590584,0.0046708244791535845
158_11__rec_align_merged.mrk.json,0.01572693738727292,0.01635901215520213,0.0006320747679292131,0.004289857263099919
158_12__rec_align_merged.mrk.json,0.018688299657837006,0.019115388172832253,0.0004270885149952469,0.004474795271374706
158_13__rec_align_merged.mrk.json,0.013673028315819187,0.014314072295253714,0.0006410439794345274,0.004159383430579041
158_14__rec_align_merged.mrk.json,0.018717432144028233,0.018970342254136883,0.0002529101101086499,0.00402920719142416
158_15__rec_align_merged.mrk.json,0.01595013495136587,0.016288158960382455,0.00033802400901658536,0.0043812728032290235
158_16__rec_align_merged.mrk.json,0.014492967932956333,0.015132068727038536,0.0006391007940822029,0.004320496033044009
158_17__rec_align_merged.mrk.json,0.01813840038201144,0.01846013252685546,0.0003217321448440204,0.004551189025370128
158_18__rec_align_merged.mrk.json,0.017920383524953464,0.018421025061259932,0.0005006415363064676,0.004676294733208832
158_19__rec_align_merged.mrk.json,0.02113197700287739,0.021438849649497983,0.0003068726466205936,0.0042284087767443055
158_1_rec_align_merged.mrk.json,0.02533265993786518,0.025639312642575886,0.00030665270471070746,0.004524715464292923
158_20__rec_align_merged.mrk.json,0.014057586314748538,0.014686220537748424,0.0006286342229998854,0.004645001059503221
158_2_rec_align_merged.mrk.json,0.020358986806689024,0.0208483732877722,0.0004893864810831747,0.0047666301531130465
158_3_rec_align_merged.mrk.json,0.031229864596369263,0.031379796714511486,0.00014993211814222362,0.004448071714284671
158_49_rec_align_merged.mrk.json,0.017429744902662792,0.017762478702557025,0.00033273379989423243,0.004117903844591464
158_4_rec_align_merged.mrk.json,0.027801604495847104,0.028103555537341587,0.00030195104149448315,0.004947992999648895
158_51_rec_align_merged.mrk.json,0.01877716271660513,0.019210516882170618,0.0004333541655654888,0.0045820255400393405
158_52_rec_align_merged.mrk.json,0.019584353935244745,0.01992080879299468,0.0003364548577499335,0.004241613667392589
158_53_rec_align_merged.mrk.json,0.018332973713243234,0.018802273635835504,0.00046929992259226935,0.004196249397907405
158_54_rec_align_merged.mrk.json,0.018493811819560203,0.018944524009053953,0.0004507121894937495,0.004328212978479211
158_55_rec_align_merged.mrk.json,0.019693636855329044,0.02007846397786625,0.00038482712253720686,0.004230696183259444
158_56_rec_align_merged.mrk.json,0.025394101339649793,0.02570360661488816,0.0003095052752383684,0.004616451358427018
158_57_rec_align_merged.mrk.json,0.02369328131865717,0.023864953641095067,0.000171672322437897,0.0043267203607081145
158_58_rec_align_merged.mrk.json,0.021668628220331585,0.022054393769613986,0.00038576554928240053,0.004460252039098299
158_5__rec_align_merged.mrk.json,0.021779477211297187,0.022151444224225963,0.00037196701292877693,0.004475363587993268
158_6__rec_align_merged.mrk.json,0.01911113288802704,0.019486901777692453,0.0003757688896654128,0.00442767868978782
158_7__rec_align_merged.mrk.json,0.01813489248857219,0.018669231665497853,0.0005343391769256634,0.004478125842141516
159-20__rec_align_merged.mrk.json,0.017003786079688644,0.017496663733724716,0.000492877654036071,0.004327353737206065
159-21__rec_align_merged.mrk.json,0.020121541357689697,0.020571298625848042,0.00044975726815834477,0.004290511572891255
159-22__rec_align_merged.mrk.json,0.02006834516368135,0.020423723719769853,0.0003553785560885016,0.004104277725567293
159-23__rec_align_merged.mrk.json,0.02123768676462419,0.021641260746915157,0.00040357398229096814,0.00438158034768975
159-24__rec_align_merged.mrk.json,0.016730004310867814,0.01709671306942669,0.00036670875855887575,0.004292038810991212
159-25__rec_align_merged.mrk.json,0.021564096487928452,0.021883285651837423,0.0003191891639089707,0.004493652167380159
159-26__rec_align_merged.mrk.json,0.019309795374920107,0.019667992035423246,0.0003581966605031399,0.0042783887684664694
159-27__rec_align_merged.mrk.json,0.018495334260396453,0.018949144219769707,0.0004538099593732539,0.004445772199893536
159-28__rec_align_merged.mrk.json,0.019990235259303653,0.020418889751048715,0.00042865449174506187,0.00460255308240626
159-29__rec_align_merged.mrk.json,0.018946504499979352,0.01931701590573427,0.00037051140575491623,0.004574451623292323
159-30__rec_align_merged.mrk.json,0.01800660751528842,0.01849647906601331,0.0004898715507248887,0.004416536267321276
159-31__rec_align_merged.mrk.json,0.017462269793335875,0.01784061132691067,0.00037834153357479625,0.004057782349816957
159-32__rec_align_merged.mrk.json,0.019519442501435336,0.019815221973499417,0.00029577947206408176,0.004412688805096717
159-33__rec_align_merged.mrk.json,0.018285175734362762,0.018797858247213434,0.0005126825128506721,0.004183249871140526
159-34__rec_align_merged.mrk.json,0.015621964408078472,0.016153372623210344,0.0005314082151318712,0.004377234030619909
159-35__rec_align_merged.mrk.json,0.02376838024947377,0.024057079819019913,0.0002886995695461428,0.004799984429359516
159-36__rec_align_merged.mrk.json,0.01688189083504977,0.017287647916125148,0.0004057570810753787,0.004349684088552158
159-37__rec_align_merged.mrk.json,0.020300941571640887,0.02075314869657273,0.00045220712493184226,0.0042920775133541205
159-38__rec_align_merged.mrk.json,0.017534952228727235,0.01800152713450426,0.00046657490577702715,0.004530719266545183
159-5__rec_align_merged.mrk.json,0.015128455657567782,0.015757579931532605,0.000629124273964823,0.004605626966072271
159-6__rec_align_merged.mrk.json,0.01996450978867527,0.020274683691527174,0.00031017390285190474,0.004264089044029517
159_10__rec_align_merged.mrk.json,0.022141004293867905,0.022448008806842418,0.00030700451297451317,0.004684864363398025
159_11__rec_align_merged.mrk.json,0.01780098147414004,0.01817660586804833,0.0003756243939082894,0.004338887840939973
159_12__rec_align_merged.mrk.json,0.026952134558384792,0.027309792492617356,0.00035765793423256365,0.004653291031431294
159_13__rec_align_merged.mrk.json,0.01718592291841684,0.017609084181511407,0.0004231612630945687,0.0043409362526856815
159_14__rec_align_merged.mrk.json,0.01804405661595827,0.018425944346190246,0.0003818877302319765,0.004421661405747807
159_15__rec_align_merged.mrk.json,0.02345570167037487,0.023696500488361617,0.00024079881798674818,0.004371866560598091
159_16__rec_align_merged.mrk.json,0.02494832568224384,0.025165381559250678,0.00021705587700683593,0.004081240286469482
159_17__rec_align_merged.mrk.json,0.016834231708728803,0.017328622317078754,0.0004943906083499511,0.004185691337689101
159_18__rec_align_merged.mrk.json,0.016136058114690047,0.016649577271252276,0.0005135191565622289,0.004084519096318447
159_19__rec_align_merged.mrk.json,0.014613636419023945,0.015158680561723759,0.0005450441426998135,0.0041127539104516934
159_1_rec_align_merged.mrk.json,0.0212439157128816,0.02145607629566345,0.00021216058278185,0.00400792406164413
159_2_rec_align_merged.mrk.json,0.016122974517705894,0.016618459089153288,0.0004954845714473938,0.004148080359791971
159_3_rec_align_merged.mrk.json,0.01844558642772985,0.018948746475666037,0.0005031600479361853,0.004572526117062694
159_4_rec_align_merged.mrk.json,0.020950461796108544,0.021234606088944473,0.0002841442928359292,0.003993135643148647
159_7__rec_align_merged.mrk.json,0.02213923694272532,0.022485158799662116,0.00034592185693679486,0.004122779528424824
159_8__rec_align_merged.mrk.json,0.02180987082829072,0.022128470843102602,0.0003186000148118831,0.0045616221837276125
159_9__rec_align_merged.mrk.json,0.017296526664121053,0.01775258803636406,0.0004560613722430079,0.004554180633142547
160-17__rec_align_merged.mrk.json,0.02175447195310451,0.022113418993001812,0.00035894703989730256,0.004349304877505879
160-34__rec_align_merged.mrk.json,0.015695876848595136,0.016129400920916342,0.0004335240723212057,0.004225284248664235
160-35__rec_align_merged.mrk.json,0.01931158714705165,0.0195934637732328,0.00028187662618114895,0.00523625579359705
160-36__rec_align_merged.mrk.json,0.015324075104858639,0.015816305192905576,0.0004922300880469375,0.004496052609903672
160-37__rec_align_merged.mrk.json,0.024055248394589418,0.024354072459122206,0.00029882406453278845,0.004648059618066004
160-38__rec_align_merged.mrk.json,0.021938736892639542,0.02229809454677158,0.00035935765413203785,0.004107838844320174
160-40__rec_align_merged.mrk.json,0.020883103966829672,0.021224833216938323,0.0003417292501086515,0.004406290369886479
160-41__rec_align_merged.mrk.json,0.018586859740457994,0.01906436813947886,0.00047750839902086645,0.004611479749085169
160-42__rec_align_merged.mrk.json,0.0209180753069764,0.0212027724536156,0.0002846971466392012,0.004414663398573271
160-43__rec_align_merged.mrk.json,0.022164484103005182,0.022487643832897607,0.0003231597298924242,0.0044886658974506175
160-44__rec_align_merged.mrk.json,0.01904355046745412,0.01948761487582833,0.0004440644083742104,0.004249058033065913
160-45__rec_align_merged.mrk.json,0.01760860374341598,0.01814207611135382,0.00053347236793784,0.004442071302552979
160-46__rec_align_merged.mrk.json,0.016910964308662853,0.01732902540524325,0.0004180610965803973,0.004331996572662922
160-47__rec_align_merged.mrk.json,0.015411327002638057,0.015939860186411314,0.0005285331837732565,0.0042856499966695055
160-48__rec_align_merged.mrk.json,0.017960825446256396,0.018410795431986194,0.00044996998572979785,0.004321825635598665
160-49__rec_align_merged.mrk.json,0.01730082485476394,0.017793252422180203,0.0004924275674162634,0.004071740698868345
160-50__rec_align_merged.mrk.json,0.017447437831344115,0.018102342980197642,0.0006549051488535275,0.004574320608769784
160-51__rec_align_merged.mrk.json,0.014761822175901884,0.015284779090133647,0.000522956914231763,0.004478123435634123
160-52__rec_align_merged.mrk.json,0.019079328387790563,0.019486122227355577,0.0004067938395650138,0.004444604276433815
160-53__rec_align_merged.mrk.json,0.01616973141228595,0.016605052482005115,0.0004353210697191634,0.004600502356935903
160_10__rec_align_merged.mrk.json,0.015796887001197732,0.016206743949545025,0.00040985694834729317,0.00453164866565787
160_11__rec_align_merged.mrk.json,0.017826377066124766,0.018134041008433733,0.00030766394230896665,0.004123548118228109
160_12__rec_align_merged.mrk.json,0.020915426995049217,0.021176888653593483,0.0002614616585442653,0.004510381430080648
160_13_rec_align_merged.mrk.json,0.017458799802696677,0.017962459981935398,0.0005036601792387206,0.004170434749207733
160_14_rec_align_merged.mrk.json,0.021204287380612172,0.02149343194328067,0.0002891445626684967,0.004146429685847281
160_15_rec_align_merged.mrk.json,0.014623948408157152,0.015176653384303046,0.0005527049761458944,0.004248832042492193
160_16__rec_align_merged.mrk.json,0.01777846104424008,0.018251069552488806,0.0004726085082487272,0.004132758594097394
160_18_rec_align_merged.mrk.json,0.021519062711733407,0.02187307042626251,0.0003540077145291025,0.004476697566841184
160_19__rec_align_merged.mrk.json,0.020337448487476633,0.02074147600016187,0.0004040275126852358,0.004337444125450698
160_21_rec_align_merged.mrk.json,0.016380657127241047,0.016724428443162773,0.00034377131592172594,0.00415068633213189
160_22_rec_align_merged.mrk.json,0.015011639791797819,0.015564048503003148,0.0005524087112053298,0.0041075193387984385
160_26__rec_align_merged.mrk.json,0.017068209983888288,0.017301108888758614,0.00023289890487032672,0.004230283302916514
160_28__rec_align_merged.mrk.json,0.01484970824879895,0.015274864927249306,0.0004251566784503561,0.004223904946033348
160_29_rec_align_merged.mrk.json,0.0214132772520811,0.021752821672985062,0.00033954442090396164,0.004640915139958642
160_30_rec_align_merged.mrk.json,0.018474525900807198,0.01883131851120314,0.00035679261039594026,0.004329405085902756
160_31__rec_align_merged.mrk.json,0.014656497084034667,0.015132940073460544,0.00047644298942587683,0.004097037899034432
160_32_rec_align_merged.mrk.json,0.01709049574234837,0.0175091780921914,0.00041868234984302963,0.004395435986333469
160_33_rec_align_merged.mrk.json,0.015090979379352634,0.01556629503869777,0.00047531565934513624,0.004079890641724553
160_9_rec_align_merged.mrk.json,0.017641543274586245,0.018055410273780898,0.00041386699919465295,0.004270571075079603
801-24__rec_align_merged.mrk.json,0.020071867740108388,0.020587539197811415,0.000515671457703027,0.004457812135876712
801-25__rec_align_merged.mrk.json,0.017596118226358495,0.01809602678271601,0.0004999085563575159,0.00457743061947849
801-26__rec_align_merged.mrk.json,0.021984740613428373,0.02246404743864658,0.00047930682521820506,0.004415458036114028
801-27__rec_align_merged.mrk.json,0.02751687363004645,0.027731453450836573,0.00021457982079012283,0.004353894235609763
801-28__rec_align_merged.mrk.json,0.02321819864658027,0.023681041778643445,0.0004628431320631739,0.004296996768153381
801-29__rec_align_merged.mrk.json,0.025362696946940926,0.02565867280784115,0.00029597586090022304,0.004543568010615233
801-30__rec_align_merged.mrk.json,0.022606804102277802,0.02294006664813683,0.00033326254585902895,0.004197218442425778
801_1__rec_align_merged.mrk.json,0.021123197225296115,0.021546829419432655,0.00042363219413654035,0.00476339832657687
801_2__rec_align_merged.mrk.json,0.01804862847537734,0.018544450851441487,0.0004958223760641485,0.004340754994676871
801_4__rec_align_merged.mrk.json,0.019757031973651994,0.02034664242174791,0.0005896104480959154,0.004567891612125349
801_5__rec_align_merged.mrk.json,0.01881567516868187,0.019384259086955076,0.000568583918273205,0.004238502712445642
801_6__rec_align_merged.mrk.json,0.019080640839009337,0.01964093633869398,0.0005602954996846432,0.004631737339626784
801_7__rec_align_merged.mrk.json,0.020971724377462687,0.021390606382815622,0.00041888200535293574,0.00451558362874873
802-15__rec_align_merged.mrk.json,0.02274096593339548,0.023125648222095195,0.0003846822886997142,0.0042726623306941925
802-16__rec_align_merged.mrk.json,0.017719395893182728,0.018137147788526146,0.0004177518953434184,0.00459300577450766
802-17__rec_align_merged.mrk.json,0.017650680578518912,0.018130720052262687,0.0004800394737437749,0.004535849673395696
802-18__rec_align_merged.mrk.json,0.01721542403404365,0.01760042053733021,0.0003849965032865603,0.004581543873823905
802-19__rec_align_merged.mrk.json,0.020959327668413484,0.021377272199894916,0.00041794453148143174,0.004404139981308175
802-1__rec_align_merged.mrk.json,0.04218412721453748,0.04239797651145687,0.00021384929691938698,0.005066208972534928
802-20__rec_align_merged.mrk.json,0.01817141592060311,0.018714361094292222,0.0005429451736891112,0.004309485529281094
802-21__rec_align_merged.mrk.json,0.015179697140301382,0.015702963066997623,0.0005232659266962408,0.004230549533983016
802-22__rec_align_merged.mrk.json,0.021903042185364652,0.02219325271651368,0.0002902105311490266,0.004349688273693344
802-23__rec_align_merged.mrk.json,0.014174178813245427,0.014696664346882488,0.0005224855336370612,0.004291287697739162
802-24__rec_align_merged.mrk.json,0.01651120929012215,0.016881582996612562,0.00037037370649041154,0.004214297017229905
802-25__rec_align_merged.mrk.json,0.019193770006779232,0.01959113064219508,0.0003973606354158478,0.0042432002300212554
802-26__rec_align_merged.mrk.json,0.021817526271875064,0.022081184233030147,0.0002636579611550831,0.004335192747172311
802-27__rec_align_merged.mrk.json,0.015981682580796224,0.016377041381512154,0.0003953588007159295,0.004346466655430878
802-28__rec_align_merged.mrk.json,0.016702097870665778,0.01714983515574854,0.0004477372850827631,0.004247905529627762
802-29__rec_align_merged.mrk.json,0.014765714784047623,0.015419990998138419,0.000654276214090796,0.004620698257265857
802-2__rec_align_merged.mrk.json,0.014012908775457729,0.014594698523580127,0.0005817897481223983,0.004277872327702053
802-30__rec_align_merged.mrk.json,0.019806987741780434,0.020239967199230616,0.0004329794574501819,0.0045383515217388174
802-31__rec_align_merged.mrk.json,0.021727606573794293,0.02212446801567556,0.00039686144188126604,0.00577995520015171
802-32__rec_align_merged.mrk.json,0.018515076407928342,0.018943397238677967,0.00042832083074962474,0.0042735583594981485
802-33__rec_align_merged.mrk.json,0.017996245442631363,0.01835226809548807,0.00035602265285670717,0.004580203738465541
802-34__rec_align_merged.mrk.json,0.015451058333046263,0.01591958194989328,0.0004685236168470181,0.00436438735192547
802-35__rec_align_merged.mrk.json,0.019614076534544157,0.020001460293684527,0.0003873837591403702,0.0043814587300649915
802-36__rec_align_merged.mrk.json,0.022058078950848138,0.02244369861280646,0.00038561966195832173,0.004703159789075191
802-37__rec_align_merged.mrk.json,0.019684159008536633,0.02008747364604955,0.0004033146375129158,0.0045048593740715315
802-38__rec_align_merged.mrk.json,0.01836857579409667,0.01880545622055695,0.0004368804264602809,0.0044246419867653665
802-39__rec_align_merged.mrk.json,0.020476706355672315,0.020704608704903458,0.00022790234923114258,0.004282263885537213
802-3__rec_align_merged.mrk.json,0.016651805651901788,0.01711815004204233,0.0004663443901405419,0.004364027802945964
802-41__rec_align_merged.mrk.json,0.017571164734758477,0.017875102678888914,0.0003039379441304377,0.0044980417589729075
802-4__rec_align_merged.mrk.json,0.017432182427562008,0.01789836822542449,0.00046618579786248185,0.004163048990743094
802-5__rec_align_merged.mrk.json,0.02083878475511948,0.021153614029115895,0.00031482927399641494,0.004192174364323884
802-6__rec_align_merged.mrk.json,0.01869298595102122,0.01911255727366231,0.00041957132264109145,0.004156030027915328
802-7__rec_align_merged.mrk.json,0.015302748890234329,0.015657184256541192,0.0003544353663068635,0.004074705390855784
802-8__rec_align_merged.mrk.json,0.016867573481395635,0.01739146267757765,0.0005238891961820147,0.004521726979478753
802_10_rec_align_merged.mrk.json,0.02112081957226931,0.02145640062805729,0.00033558105578797987,0.004388457085720032
802_11_rec_align_merged.mrk.json,0.014739570910435942,0.01514435603457219,0.0004047851241362477,0.003946571484017537
802_12_rec_align_merged.mrk.json,0.015480748436102332,0.016030551098989827,0.0005498026628874952,0.00437144720338612
802_13_rec_align_merged.mrk.json,0.015799103618222385,0.016343602973931975,0.0005444993557095906,0.0045961461220309615
802_14_rec_align_merged.mrk.json,0.01672008387338309,0.017030575056409977,0.00031049118302688486,0.004396247622842398
802_9_rec_align_merged.mrk.json,0.022763387445333103,0.023189225931817384,0.00042583848648428124,0.003889132987009415
803-10__rec_align_merged.mrk.json,0.01579890951742969,0.016340463922259754,0.000541554404830065,0.004039091530575553
803-11__rec_align_merged.mrk.json,0.01593866799514531,0.016436606958958263,0.0004979389638129529,0.004094473459117042
803-12__rec_align_merged.mrk.json,0.029360433697835166,0.029529432460990022,0.00016899876315485535,0.00472371988646414
803-13__rec_align_merged.mrk.json,0.019244720732248893,0.0195410492079367,0.00029632847568780707,0.004477016954828668
803-14__rec_align_merged.mrk.json,0.021615945826988572,0.02196992977543284,0.00035398394844426626,0.004526279515060036
803-15__rec_align_merged.mrk.json,0.01841786712418036,0.0188492540327163,0.0004313869085359398,0.004409860583703433
803-16__rec_align_merged.mrk.json,0.02128374558702224,0.02163712378536002,0.00035337819833778164,0.004475719894099349
803-17__rec_align_merged.mrk.json,0.019601528701760004,0.020095373894535,0.0004938451927749971,0.004657473730401569
803-18__rec_align_merged.mrk.json,0.015843653013718106,0.016230305192934016,0.0003866521792159107,0.004663097226109719
803-19__rec_align_merged.mrk.json,0.018064184675770444,0.01847113691743138,0.0004069522416609364,0.00416660839080448
803-6__rec_align_merged.mrk.json,0.019041437805220662,0.019506709711377426,0.00046527190615676395,0.004305296459414379
803-7__rec_align_merged.mrk.json,0.021991530735014652,0.022352936713304863,0.0003614059782902114,0.004643639182237351
803-8__rec_align_merged.mrk.json,0.01532615768158282,0.015808072112463153,0.0004819144308803331,0.004225647295038659
803-9__rec_align_merged.mrk.json,0.021289808252435774,0.02167091694645602,0.0003811086940202456,0.004246647714149518
803_2_rec_align_merged.mrk.json,0.020089168192060438,0.020570717063412305,0.00048154887135186744,0.004683777369799709
803_3_rec_align_merged.mrk.json,0.019700251286535946,0.0199712743336082,0.0002710230470722545,0.004052945730669232
803_4_rec_align_merged.mrk.json,0.01857048142317396,0.018931556257020133,0.0003610748338461721,0.004229148406800469
803_5_rec_align_merged.mrk.json,0.016865588672488975,0.017212789176717945,0.00034720050422897,0.004424464920896614
804-2__rec_align_merged.mrk.json,0.01910680547050503,0.019564316442513403,0.00045751097200837434,0.0040493979201561515
804_1_rec_align_merged.mrk.json,0.019837201923680898,0.02015343489309496,0.00031623296941406254,0.004749083459273594
805-2__rec_align_merged.mrk.json,0.023114839005004058,0.023486020567307656,0.0003711815623035977,0.0044904490120059115
805-3__rec_align_merged.mrk.json,0.017807463318194505,0.018125352921478627,0.00031788960328412233,0.004156404573753213
805-4__rec_align_merged.mrk.json,0.03980565387575983,0.039966516172299064,0.00016086229653923534,0.0046280103381804985
805-5__rec_align_merged.mrk.json,0.03280942775927936,0.03304970271899387,0.00024027495971451485,0.005272344274420193
805_11_rec_align_merged.mrk.json,0.017883936421724696,0.018402457282104247,0.0005185208603795503,0.00418102704616478
805_1_rec_align_merged.mrk.json,0.021971602060865823,0.02235155746015434,0.0003799553992885167,0.004668233020214367
805_6_rec_align_merged.mrk.json,0.021393759430659968,0.02184781256855691,0.00045405313789694327,0.004424254313075754
805_7_rec_align_merged.mrk.json,0.0172956881965224,0.017711635142194263,0.0004159469456718641,0.004373546151656035
805_8_rec_align_merged.mrk.json,0.015722895736859598,0.01620301436738167,0.0004801186305220702,0.0042378225973808215
806-19__rec_align_merged.mrk.json,0.014692995453391994,0.015200317425722065,0.0005073219723300704,0.004189776910905503
806-1__rec_align_merged.mrk.json,0.01802540057939152,0.018430461906911406,0.00040506132751988444,0.004796929472425273
806-20__rec_align_merged.mrk.json,0.015577959421301545,0.015958456254643535,0.00038049683334199016,0.004278791073996272
806-21__rec_align_merged.mrk.json,0.017399720272955423,0.017840680127937804,0.0004409598549823812,0.004230639267658819
806-22__rec_align_merged.mrk.json,0.01859101435376705,0.019051742367937795,0.00046072801417074496,0.004232600684362212
806-23__rec_align_merged.mrk.json,0.01804861854787791,0.01838857696416878,0.00033995841629087115,0.004472750340213739
806-24__rec_align_merged.mrk.json,0.018256710208812543,0.01869390674275167,0.00043719653393912636,0.004120541863710715
806-25__rec_align_merged.mrk.json,0.016998197706671762,0.017435431621989298,0.0004372339153175357,0.0044729941914493235
806-26__rec_align_merged.mrk.json,0.02223193367920675,0.022637894408325424,0.0004059607291186755,0.0043442064162191475
806-27__rec_align_merged.mrk.json,0.018740858557969368,0.019268938980010232,0.0005280804220408643,0.005171657495806601
806-28__rec_align_merged.mrk.json,0.01898015494443365,0.019228480175556506,0.0002483252311228576,0.004397819951884483
806-29__rec_align_merged.mrk.json,0.01636563532293229,0.01680422457191779,0.000438589248985502,0.004269880030776578
806-2__rec_align_merged.mrk.json,0.019003769239755382,0.019275035117954763,0.00027126587819938097,0.0039603013288678395
806-30__rec_align_merged.mrk.json,0.02442867089801113,0.02480525969209434,0.0003765887940832095,0.0040762430013240505
806-31__rec_align_merged.mrk.json,0.01315910940509949,0.013654361052147871,0.0004952516470483805,0.004152449448534159
806-3__rec_align_merged.mrk.json,0.018498400150428432,0.01898477951287234,0.0004863793624439068,0.004107296673614152
806_10_rec_align_merged.mrk.json,0.013146884751076561,0.013736090803152096,0.000589206052075535,0.004556644533108032
806_11_rec_align_merged.mrk.json,0.023208375204203158,0.02365539947916071,0.000447024274957554,0.004576348297191758
806_12_rec_align_merged.mrk.json,0.014122881025848253,0.014712562709778559,0.0005896816839303064,0.004379943026220066
806_13_rec_align_merged.mrk.json,0.018606858233236608,0.01913124986550515,0.0005243916322685421,0.004363478543142713
806_4_rec_align_merged.mrk.json,0.025575796189409326,0.025886721756391732,0.00031092556698240556,0.00423231565203611
806_5_rec_align_merged.mrk.json,0.029535719777311776,0.029726132617737724,0.0001904128404259485,0.00437315373148021
806_6_rec_align_merged.mrk.json,0.018673918462049098,0.019152722559757102,0.0004788040977080042,0.004482084438560307
806_7_rec_align_merged.mrk.json,0.01755079516708663,0.018007707293446307,0.0004569121263596765,0.004651385295131436
806_8_rec_align_merged.mrk.json,0.01578462082598303,0.01627341294855209,0.0004887921225690574,0.004243828732950442
806_9_rec_align_merged.mrk.json,0.01768760458800394,0.018032647845220694,0.0003450432572167546,0.004432962594946086
807-10__rec_align_merged.mrk.json,0.01963505742056392,0.02019167775154132,0.000556620330977399,0.004761930805127094
807-11__rec_align_merged.mrk.json,0.015717674552842897,0.01615888300744765,0.00044120845460475164,0.004722930391635885
807-12__rec_align_merged.mrk.json,0.01417711475887498,0.014745285596099281,0.0005681708372243018,0.004206929332408063
807-13__rec_align_merged.mrk.json,0.018355929797374895,0.018806666504942227,0.0004507367075673313,0.0041288806171217145
807-14__rec_align_merged.mrk.json,0.02052491288224539,0.020935882201199837,0.0004109693189544468,0.004162058815216961
807-15__rec_align_merged.mrk.json,0.01769513597337188,0.018150903763156548,0.0004557677897846675,0.00409467833535219
807-16__rec_align_merged.mrk.json,0.02032753931658589,0.020877434187671854,0.0005498948710859625,0.004451285214685165
807-17__rec_align_merged.mrk.json,0.01781274166514422,0.01824022224057948,0.0004274805754352594,0.0040478097801772235
807-18__rec_align_merged.mrk.json,0.02442540882475151,0.02487046465516714,0.00044505583041563185,0.0044269786134018205
807-19__rec_align_merged.mrk.json,0.03303142345722119,0.03325353991521216,0.0002221164579909729,0.004647317746059591
807-6-_rec_align_merged.mrk.json,0.017850187054552415,0.01825660292513874,0.0004064158705863255,0.004339764421150186
807-7__rec_align_merged.mrk.json,0.020133021306305822,0.02058010075800684,0.0004470794517010164,0.0040025880209416794
807-8__rec_align_merged.mrk.json,0.020897326519326888,0.02123073853241711,0.00033341201309022156,0.004513264691206624
807-9__rec_align_merged.mrk.json,0.020326086286139758,0.02068197014177409,0.00035588385563433203,0.004490472225818227
807_1__rec_align_merged.mrk.json,0.018152607803461694,0.018632509072456643,0.00047990126899494917,0.004304785938678714
807_20_rec_align_merged.mrk.json,0.018128237831255452,0.018497808037337117,0.00036957020608166524,0.004270334962907665
807_21_rec_align_merged.mrk.json,0.027140940370689252,0.027535731242089138,0.0003947908713998853,0.004340505628222595
807_22_rec_align_merged.mrk.json,0.025990081043361597,0.026320602809792662,0.00033052176643106473,0.004527826770789241
807_23_rec_align_merged.mrk.json,0.021645702634013737,0.022035435915055614,0.000389733281041877,0.004410466536193356
807_24_rec_align_merged.mrk.json,0.020371705608044674,0.02074208147420809,0.0003703758661634145,0.004367033579908435
807_25__rec_align_merged.mrk.json,0.028134741344828042,0.02845957482389274,0.0003248334790646977,0.004501878164064915
807_26_rec_align_merged.mrk.json,0.025408340149999525,0.025760807877787048,0.00035246772778752336,0.004212056174841349
807_2__rec_align_merged.mrk.json,0.014141242713114555,0.01463846034569905,0.0004972176325844947,0.004123015198893172
807_3__rec_align_merged.mrk.json,0.017434583794072638,0.017928326447260917,0.0004937426531882796,0.004504002459704468
807_4__rec_align_merged.mrk.json,0.015331528502079368,0.01576576008511235,0.0004342315830329832,0.004353179065655368
807_5__rec_align_merged.mrk.json,0.021116060690210856,0.02150416041422157,0.00038809972401071535,0.004462467982168654
808-10__rec_align_merged.mrk.json,0.018303609180808592,0.01866440618892747,0.0003607970081188766,0.00435445171711075
808-11__rec_align_merged.mrk.json,0.01807762640206778,0.018461200609565288,0.0003835742074975064,0.004213257747689902
808-12__rec_align_merged.mrk.json,0.021870160748699675,0.022362986139467387,0.0004928253907677121,0.004555673612424703
808-13__rec_align_merged.mrk.json,0.0235593695996888,0.023939465770938955,0.0003800961712501563,0.0042309236295484266
808-14__rec_align_merged.mrk.json,0.017497719735690708,0.017808180870662386,0.00031046113497167765,0.0044602090586020075
808-15__rec_align_merged.mrk.json,0.017747999214439564,0.01808370416066838,0.0003357049462288167,0.004574019196260775
808-16__rec_align_merged.mrk.json,0.045639104942799553,0.04585339471212097,0.00021428976932141852,0.0049825915992154
808-17__rec_align_merged.mrk.json,0.02601505906783454,0.026285061535658367,0.00027000246782382664,0.004417962942793164
808-18__rec_align_merged.mrk.json,0.02524328325185861,0.025608675863628753,0.00036539261177014407,0.004286655394324362
808-8__rec_align_merged.mrk.json,0.01972349593353179,0.019959617243895975,0.0002361213103641846,0.004443848210242911
808_1__rec_align_merged.mrk.json,0.030357917014989005,0.030517732523373038,0.00015981550838403344,0.004406124250131575
808_2__rec_align_merged.mrk.json,0.017817634029084244,0.01826151935613877,0.0004438853270545273,0.004021849912024662
808_3__rec_align_merged.mrk.json,0.016798329393309434,0.01733195519089674,0.0005336257975873046,0.004119141754344042
808_4__rec_align_merged.mrk.json,0.023139033662380508,0.023508500928111194,0.0003694672657306858,0.004145822782055458
808_5__rec_align_merged.mrk.json,0.014800898529303715,0.01524243431783105,0.0004415357885273353,0.004058755344422496
808_6__rec_align_merged.mrk.json,0.016794702680264142,0.017303818037279987,0.0005091153570158449,0.0042393470429043425
808_7_rec_align_merged.mrk.json,0.019670323831210975,0.020121996239946028,0.00045167240873505293,0.004315632765312884
808_9_rec_align_merged.mrk.json,0.017580092088518944,0.018101542199669297,0.0005214501111503525,0.004159563224708231
809-14__rec_align_merged.mrk.json,0.018519252001260922,0.018834976484670477,0.0003157244834095553,0.0041439071091134184
809-15__rec_align_merged.mrk.json,0.015607057328137306,0.016220756293221606,0.0006136989650843,0.004456208414728076
809-16__rec_align_merged.mrk.json,0.023375837050428238,0.023602213821487614,0.00022637677105937642,0.004190707156716302
809-17__rec_align_merged.mrk.json,0.016290304942541713,0.01676813255419622,0.0004778276116545084,0.0044181126084438145
809-18__rec_align_merged.mrk.json,0.017983275340366433,0.01842502424985942,0.0004417489094929866,0.0043435953503662555
809-19__rec_align_merged.mrk.json,0.017639891658540536,0.0181764245187075,0.0005365328601669647,0.004372900892594771
809-20__rec_align_merged.mrk.json,0.020172959108108113,0.020561909732805035,0.0003889506246969217,0.004236364391010253
809-21__rec_align_merged.mrk.json,0.019885739241487708,0.020189578828311662,0.0003038395868239542,0.004449766102708221
809-23__rec_align_merged.mrk.json,0.020085833797845377,0.02039553690174804,0.00030970310390266223,0.004425218117513459
809-24__rec_align_merged.mrk.json,0.013979208169201328,0.014494273708304759,0.0005150655391034306,0.004291502660076323
809-25__rec_align_merged.mrk.json,0.01639331948716802,0.016728062072794276,0.0003347425856262548,0.004204517524168272
809-26__rec_align_merged.mrk.json,0.01596509864888865,0.01646825169158027,0.0005031530426916168,0.004449157702023047
809-27__rec_align_merged.mrk.json,0.018739031911885615,0.019359147393778493,0.0006201154818928772,0.0046500253782797854
809-28__rec_align_merged.mrk.json,0.018646675817307116,0.018998371687837454,0.0003516958705303379,0.004456573330042883
809-29__rec_align_merged.mrk.json,0.017473038469240948,0.017798297693544664,0.00032525922430371584,0.004380393932900524
809-7__rec_align_merged.mrk.json,0.018926086517560538,0.019187914564270086,0.0002618280467095481,0.0044185723930173
809-8__rec_align_merged.mrk.json,0.018490824408931687,0.01901491288018831,0.0005240884712566229,0.004715260156073807
809_11__rec_align_merged.mrk.json,0.014933752731524941,0.01548672671241494,0.0005529739808899994,0.0041612963162447605
809_12__rec_align_merged.mrk.json,0.017450726502528265,0.017836291846260243,0.0003855653437319778,0.004867393330178841
809_13__rec_align_merged.mrk.json,0.016382140848084842,0.016938191490950324,0.000556050642865482,0.004488027384877185
809_1__rec_align_merged.mrk.json,0.015203517986254442,0.015668293327604544,0.00046477534135010157,0.004279469420588028
809_2__rec_align_merged.mrk.json,0.016012655393094034,0.01646925752228932,0.0004566021291952868,0.004065357393501615
809_3__rec_align_merged.mrk.json,0.014137552750137864,0.014205502562763804,6.794981262593994e-05,0.002750649070651339
809_4__rec_align_merged.mrk.json,0.026311016854447474,0.026568784921160857,0.0002577680667133833,0.004324988289935105
809_5__rec_align_merged.mrk.json,0.017402244371280972,0.017907742999680388,0.0005054986283994159,0.0042494212381638625
809_6__rec_align_merged.mrk.json,0.016836365508826542,0.017234232233763892,0.0003978667249373499,0.0040712092886412985
skull_152_1__rec_align_merged.mrk.json,0.02178635979206453,0.02213662061690817,0.0003502608248436394,0.004167062373722727
skull_152_2__rec_align_merged.mrk.json,0.016729915133808223,0.017111372394340515,0.0003814572605322919,0.004341930950878197
skull_152_3__rec_align_merged.mrk.json,0.02002029149585288,0.02027977901837961,0.0002594875225267329,0.004502506215871216
skull_152_4__rec_align_merged.mrk.json,0.015097317560846662,0.015555867709486167,0.0004585501486395055,0.004362598158219593
skull_152_5__rec_align_merged.mrk.json,0.018003265220069755,0.018258268743059865,0.0002550035229901097,0.004233983786381748
skull_152_6__rec_align_merged.mrk.json,0.017988517395710297,0.01851465137866538,0.0005261339829550835,0.004403121733067334
skull_152_7__rec_align_merged.mrk.json,0.02105228473815131,0.02136633918734006,0.0003140544491887533,0.004299437935077617
skull_152_8__rec_align_merged.mrk.json,0.015449393327499216,0.015846152860646744,0.00039675953314752786,0.0041546412481263135
skull_155_10__rec_align_merged.mrk.json,0.023884094984947618,0.02411230549329267,0.00022821050834505308,0.0043432992226107425
skull_155_11__rec_align_merged.mrk.json,0.015853593877639512,0.016439647392098494,0.0005860535144589819,0.004134244983467643
skull_155_13__rec_align_merged.mrk.json,0.022204582029718783,0.022646161916627692,0.0004415798869089084,0.004088630125929415
skull_155_14__rec_align_merged.mrk.json,0.020084580735461998,0.020453082415662106,0.0003685016802001083,0.004151487569283289
skull_155_15__rec_align_merged.mrk.json,0.01753999285627591,0.01805597401838433,0.0005159811621084226,0.004031934828129212
skull_155_16__rec_align_merged.mrk.json,0.021281657133100377,0.021649067397635946,0.0003674102645355691,0.004061437272608426
skull_155_17__rec_align_merged.mrk.json,0.028329348897530426,0.02848083697812792,0.00015148808059749566,0.004557501916989351
skull_155_18__rec_align_merged.mrk.json,0.017254603315590165,0.017569821261041063,0.0003152179454508977,0.004151308044527956
skull_155_19__rec_align_merged.mrk.json,0.016054700344376706,0.016540112656389792,0.00048541231201308654,0.004462640652074375
skull_155_20__rec_align_merged.mrk.json,0.01575585828792901,0.016277976613612827,0.0005221183256838152,0.004291302364407448
skull_155_21__rec_align_merged.mrk.json,0.016742126284106294,0.017146896840456508,0.00040477055635021464,0.004189054896920366
skull_155_22__rec_align_merged.mrk.json,0.018694678189364215,0.01906605685364237,0.0003713786642781554,0.004354106127843316
skull_155_23__rec_align_merged.mrk.json,0.017196324356543946,0.017642856904434446,0.0004465325478904998,0.004423016716691891
skull_155_24__rec_align_merged.mrk.json,0.017766487237932446,0.01813753153874056,0.00037104430080811546,0.0040348974404476115
skull_155_26__rec_align_merged.mrk.json,0.01733067445697362,0.01776118253170157,0.0004305080747279491,0.0043793854735797
skull_155_27__rec_align_merged.mrk.json,0.016149121278958917,0.016659884888349928,0.0005107636093910108,0.004224221658990181
skull_155_28__rec_align_merged.mrk.json,0.01890766376231069,0.019319850971609282,0.0004121872092985937,0.004146065644239005
skull_157_10__rec_align_merged.mrk.json,0.01817666401835077,0.018651259427576023,0.0004745954092252522,0.00397235898266788
skull_157_11__rec_align_merged.mrk.json,0.01852188145995329,0.018875206028071204,0.00035332456811791244,0.003977793269203293
skull_157_12__rec_align_merged.mrk.json,0.018051482454673456,0.01842557365528863,0.0003740912006151738,0.004044797551129774
skull_157_1__rec_align_merged.mrk.json,0.015685082537345265,0.01616064658947814,0.00047556405213287564,0.004227361714211873
skull_157_2__rec_align_merged.mrk.json,0.018472528829823368,0.018822300279850653,0.000349771450027285,0.003997449265050774
skull_157_3__rec_align_merged.mrk.json,0.02404890930905504,0.024294186107688447,0.00024527679863340854,0.0041145603809266094
skull_157_4__rec_align_merged.mrk.json,0.016254661862852425,0.01669462424848289,0.00043996238563046366,0.004353389058591491
skull_157_8__rec_align_merged.mrk.json,0.01682799406187631,0.01726926869458294,0.00044127463270663206,0.004112322604372289
skull_157_9__rec_align_merged.mrk.json,0.020734658749541356,0.02107494124309582,0.00034028249355446544,0.004047859422902353
skull_158_21_rec_align_merged.mrk.json,0.01941088519764006,0.019794927978257486,0.00038404278061742597,0.004095402542110536
skull_158_22_rec_align_merged.mrk.json,0.02007140074132743,0.020357962814048197,0.00028656207272076753,0.004335184444634075
skull_158_24_rec_align_merged.mrk.json,0.017928484766643448,0.018240424531291776,0.00031193976464832796,0.004278249364797003
skull_158_26_rec_align_merged.mrk.json,0.01880287697002656,0.01929543565847633,0.00049255868844977,0.0044537139233931005
skull_158_27_rec_align_merged.mrk.json,0.017620877491551223,0.01799259428741945,0.0003717167958682266,0.004399749930098677
skull_158_28_rec_align_merged.mrk.json,0.017275199553240427,0.017708221854691637,0.0004330223014512094,0.00439253273587181
skull_158_29_rec_align_merged.mrk.json,0.01647410065840279,0.016994213113797292,0.000520112455394503,0.004388714362096453
skull_160_1__rec_align_merged.mrk.json,0.019447124535476167,0.019807299879389537,0.0003601753439133708,0.00418847518888818
skull_160_20__rec_align_merged.mrk.json,0.020752411722475193,0.020995435788724065,0.00024302406624887238,0.004060130959049296
skull_160_23__rec_align_merged.mrk.json,0.020544990089871457,0.020902602821278995,0.0003576127314075389,0.004044523551642298
skull_160_24__rec_align_merged.mrk.json,0.015321437932972175,0.015811460304686147,0.0004900223717139718,0.004611567467235798
skull_160_25__rec_align_merged.mrk.json,0.022827424294531194,0.02319669765705522,0.000369273362524028,0.004398550372575952
skull_160_27_rec_align_merged.mrk.json,0.020035021799722583,0.0203645878963573,0.0003295660966347175,0.003959463544110184
skull_160_2__rec_align_merged.mrk.json,0.023991284547570903,0.02428314708440247,0.0002918625368315657,0.00422331067657796
skull_160_3__rec_align_merged.mrk.json,0.021333673291918497,0.02178623073742065,0.0004525574455021518,0.00406647941593219
skull_160_4__rec_align_merged.mrk.json,0.024009733749390142,0.02419495445387473,0.00018522070448458855,0.00413635792335668
skull_160_5__rec_align_merged.mrk.json,0.015530803343585416,0.016149888715294696,0.0006190853717092798,0.0043995185085863005
skull_160_6__rec_align_merged.mrk.json,0.017756796443748175,0.018131649150672148,0.00037485270692397266,0.004127799808415156
skull_160_7__rec_align_merged.mrk.json,0.018111192970016652,0.01841241623249048,0.00030122326247382716,0.004333076551188209
skull_160_8__rec_align_merged.mrk.json,0.01666874790310979,0.017055866261994148,0.0003871183588843585,0.004273862365664138
skull_805_10__rec_align_merged.mrk.json,0.021027498072425294,0.02140584469928961,0.00037834662686431556,0.004243461124349717
skull_805_12__rec_align_merged.mrk.json,0.02509952751532654,0.025361534340013828,0.00026200682468728934,0.0044071138330371825
skull_805_9__rec_align_merged.mrk.json,0.017317831244292908,0.017723631426164472,0.00040580018187156425,0.00401242074485993
skull_806_14_rec_align_merged.mrk.json,0.016423145060383094,0.016980274730232274,0.0005571296698491796,0.004390988541172143
skull_806_15_rec_align_merged.mrk.json,0.01769135253833861,0.01821151737148412,0.000520164833145511,0.003964445365631978
skull_806_16_rec_align_merged.mrk.json,0.015483534777214671,0.01602746811869569,0.000543933341481017,0.00445948420608618
skull_806_17_rec_align_merged.mrk.json,0.01608340070557203,0.016513980209281392,0.0004305795037093628,0.004216253018169926
skull_806_18_rec_align_merged.mrk.json,0.019511140121835902,0.019920962582781115,0.0004098224609452132,0.004307698284003775
skull_809_10__rec_align_merged.mrk.json,0.018196816906037822,0.0185482478897285,0.0003514309836906773,0.004610129834506927
skull_809_9__rec_align_merged.mrk.json,0.020685679212979785,0.020927920507195826,0.0002422412942160411,0.004374023157535905
